date,close,CHP1D,y
2010-08-09,0.07,-1.4084507042253391,0
2010-08-10,0.067,-4.285714285714293,1
2010-08-11,0.07,4.47761194029852,0
2010-08-12,0.0645,-7.857142857142863,1
2010-08-15,0.0655,1.5503875968992276,1
2010-08-16,0.07,6.870229007633588,0
2010-08-17,0.068,-2.857142857142858,0
2010-08-18,0.0667,-1.9117647058823684,0
2010-08-19,0.0655,-1.799100449775104,0
2010-08-22,0.06491,-0.9007633587786334,1
2010-08-23,0.065,0.1386535202588357,0
2010-08-24,0.0648,-0.3076923076923199,0
2010-08-25,0.064,-1.2345679012345623,1
2010-08-26,0.065,1.5625,0
2010-08-29,0.06497,-0.04615384615385132,0
2010-08-30,0.06,-7.649684469755281,1
2010-08-31,0.0629,4.833333333333334,1
2010-09-01,0.0634,0.7949125596184325,0
2010-09-02,0.06085,-4.022082018927442,1
2010-09-05,0.0616,1.2325390304026351,0
2010-09-06,0.061,-0.9740259740259827,1
2010-09-07,0.062,1.6393442622950838,0
2010-09-08,0.06111000000000001,-1.4354838709677242,1
2010-09-09,0.0618,1.1291114383897627,1
2010-09-12,0.06219,0.6310679611650549,0
2010-09-13,0.06199,-0.32159511175430255,0
2010-09-14,0.0604,-2.5649298273915155,1
2010-09-15,0.0619,2.4834437086092676,0
2010-09-16,0.059000000000000004,-4.684975767366706,1
2010-09-19,0.0621,5.254237288135588,1
2010-09-20,0.06265,0.8856682769726065,0
2010-09-21,0.0622,-0.718276137270546,1
2010-09-22,0.06231,0.17684887459807896,0
2010-09-23,0.0622,-0.1765366714812977,0
2010-09-26,0.0622,0.0,0
2010-09-27,0.0619,-0.4823151125401992,1
2010-09-28,0.06191,0.016155088852998212,0
2010-09-29,0.0619,-0.01615247940559561,1
2010-09-30,0.06197,0.11308562197092087,0
2010-10-03,0.0613,-1.0811683072454392,1
2010-10-04,0.0614,0.16313213703100793,1
2010-10-05,0.06281,2.296416938110757,1
2010-10-06,0.067,6.670912275115426,1
2010-10-07,0.08685,29.626865671641788,1
2010-10-10,0.095,9.383995394358102,0
2010-10-11,0.0949,-0.10526315789474161,1
2010-10-12,0.105,10.642781875658592,0
2010-10-13,0.102,-2.857142857142858,1
2010-10-14,0.105,2.941176470588247,0
2010-10-17,0.1024,-2.476190476190465,0
2010-10-18,0.09699999999999999,-5.273437500000011,1
2010-10-19,0.099,2.0618556701031077,1
2010-10-20,0.107,8.080808080808065,0
2010-10-21,0.1025,-4.20560747663552,1
2010-10-24,0.132,28.780487804878053,1
2010-10-25,0.1503,13.863636363636346,1
2010-10-26,0.1877,24.883566200931483,0
2010-10-27,0.1731,-7.778369738945123,1
2010-10-28,0.19,9.763142692085491,1
2010-11-01,0.1955,2.894736842105261,0
2010-11-02,0.1938,-0.8695652173913104,0
2010-11-03,0.1931,-0.3611971104231171,1
2010-11-04,0.23,19.10926980838945,1
2010-11-05,0.26,13.043478260869556,0
2010-11-08,0.243,-6.538461538461549,0
2010-11-09,0.21,-13.580246913580252,1
2010-11-10,0.24,14.28571428571428,0
2010-11-11,0.2231,-7.041666666666668,1
2010-11-12,0.2682,20.215150156880334,0
2010-11-15,0.2682,0.0,0
2010-11-16,0.223,-16.853094705443695,1
2010-11-17,0.2299,3.0941704035874373,1
2010-11-18,0.2678,16.48542844715093,1
2010-11-19,0.28,4.555638536221074,1
2010-11-22,0.2879,2.8214285714285525,0
2010-11-23,0.2829,-1.7367141368530792,1
2010-11-24,0.28300000000000003,0.03534817956876157,0
2010-11-25,0.28,-1.0600706713780883,1
2010-11-26,0.2844,1.571428571428557,0
2010-11-29,0.2299,-19.163150492264414,0
2010-11-30,0.2082,-9.438886472379293,1
2010-12-01,0.2275,9.269932756964462,1
2010-12-02,0.255,12.08791208791209,0
2010-12-03,0.251,-1.5686274509803977,0
2010-12-06,0.204,-18.72509960159363,1
2010-12-07,0.233,14.215686274509821,1
2010-12-08,0.2388,2.489270386266096,0
2010-12-09,0.2,-16.247906197654938,1
2010-12-10,0.204,1.9999999999999796,1
2010-12-13,0.2299,12.696078431372548,1
2010-12-14,0.2467,7.307525010874305,0
2010-12-15,0.23800000000000002,-3.526550466153222,1
2010-12-16,0.25,5.042016806722671,0
2010-12-17,0.24,-4.0000000000000036,1
2010-12-20,0.267,11.250000000000004,0
2010-12-21,0.24,-10.112359550561811,1
2010-12-22,0.25,4.166666666666674,0
2010-12-23,0.25,0.0,0
2010-12-24,0.248,-0.8000000000000007,1
2010-12-27,0.265,6.854838709677424,1
2010-12-28,0.281,6.037735849056602,1
2010-12-29,0.3,6.761565836298922,0
2010-12-30,0.3,0.0,0
2010-12-31,0.3,0.0,0
2011-01-03,0.295,-1.6666666666666718,1
2011-01-04,0.2989,1.3220338983050972,1
2011-01-05,0.299,0.033456005352960894,0
2011-01-06,0.298,-0.33444816053511683,1
2011-01-07,0.32,7.38255033557047,1
2011-01-10,0.3266,2.0624999999999893,0
2011-01-11,0.3266,0.0,0
2011-01-12,0.3188,-2.388242498469084,0
2011-01-13,0.3176,-0.37641154328732496,1
2011-01-14,0.4,25.94458438287155,0
2011-01-17,0.3495,-12.625000000000009,0
2011-01-18,0.313,-10.443490701001423,0
2011-01-19,0.313,0.0,1
2011-01-20,0.39,24.600638977635782,1
2011-01-21,0.4199,7.666666666666666,0
2011-01-24,0.4199,0.0,0
2011-01-25,0.41,-2.357704215289358,1
2011-01-26,0.41700000000000004,1.7073170731707554,1
2011-01-27,0.4212,1.0071942446043147,1
2011-01-28,0.446,5.887939221272553,1
2011-01-31,0.52,16.59192825112108,1
2011-02-01,0.7,34.615384615384606,1
2011-02-02,0.716,2.285714285714291,0
2011-02-03,0.69,-3.6312849162011163,1
2011-02-04,0.8109999999999999,17.536231884057973,1
2011-02-07,0.89,9.741060419235525,1
2011-02-08,0.9179999999999999,3.146067415730336,1
2011-02-09,1.09,18.736383442265804,0
2011-02-10,0.9803,-10.064220183486249,1
2011-02-11,1.07,9.150260124451703,0
2011-02-14,1.07,0.0,0
2011-02-15,1.05,-1.869158878504673,0
2011-02-16,1.05,0.0,0
2011-02-17,1.04,-0.952380952380949,0
2011-02-18,0.8989,-13.567307692307695,0
2011-02-21,0.8345,-7.164311936811663,1
2011-02-22,0.8702,4.278010784901132,1
2011-02-23,0.9,3.424500114916107,1
2011-02-24,0.9974,10.822222222222223,0
2011-02-25,0.9111,-8.65249649087627,0
2011-02-28,0.86,-5.608604982987597,1
2011-03-01,0.9202,7.000000000000006,1
2011-03-02,0.9399,2.1408389480547685,0
2011-03-03,0.9391,-0.08511543781252184,0
2011-03-04,0.9009999999999999,-4.057075923756804,0
2011-03-07,0.885,-1.7758046614872236,0
2011-03-08,0.87,-1.6949152542372947,0
2011-03-09,0.8645,-0.632183908045969,1
2011-03-10,0.9329,7.912087912087906,0
2011-03-11,0.88,-5.6704898702969135,1
2011-03-14,0.8949,1.6931818181818103,0
2011-03-15,0.87,-2.782433791485084,0
2011-03-16,0.86,-1.1494252873563204,0
2011-03-17,0.8254,-4.023255813953486,0
2011-03-18,0.8165,-1.0782650835958307,0
2011-03-21,0.759,-7.042253521126762,1
2011-03-22,0.809,6.587615283267456,1
2011-03-23,0.8497,5.030902348578481,1
2011-03-24,0.8669,2.024243850770868,1
2011-03-25,0.8838,1.9494751413081213,0
2011-03-27,0.799,-9.594930979859695,0
2011-03-28,0.7925,-0.8135168961201589,0
2011-03-29,0.7897,-0.35331230283911497,0
2011-03-30,0.7846,-0.645814866404959,0
2011-03-31,0.7741,-1.3382615345398863,0
2011-04-03,0.68,-12.156052189639578,1
2011-04-04,0.71,4.411764705882337,1
2011-04-05,0.74,4.225352112676051,1
2011-04-06,0.7538,1.8648648648648791,0
2011-04-07,0.75,-0.5041124966834731,1
2011-04-10,0.77,2.6666666666666616,1
2011-04-11,0.86,11.688311688311682,1
2011-04-12,0.9225,7.267441860465107,1
2011-04-13,1.0,8.40108401084012,0
2011-04-14,0.9899,-1.0099999999999998,1
2011-04-17,1.16,17.183553894332746,1
2011-04-18,1.2,3.4482758620689724,0
2011-04-19,1.14,-5.000000000000004,1
2011-04-20,1.21,6.140350877192979,1
2011-04-21,1.41,16.528925619834702,1
2011-04-24,1.56,10.63829787234043,1
2011-04-25,1.79,14.743589743589736,1
2011-04-26,1.9,6.145251396648033,1
2011-04-27,2.21,16.315789473684216,1
2011-04-28,2.88,30.316742081447966,1
2011-05-01,3.2,11.111111111111116,1
2011-05-02,3.41,6.562500000000004,0
2011-05-03,3.41,0.0,0
2011-05-04,3.33,-2.346041055718473,1
2011-05-05,3.45,3.603603603603611,1
2011-05-08,3.8,10.144927536231862,1
2011-05-09,5.81,52.89473684210526,0
2011-05-10,5.5,-5.335628227194489,1
2011-05-11,6.3,14.54545454545455,1
2011-05-12,8.2,30.15873015873014,0
2011-05-15,8.030000999999999,-2.0731585365853733,0
2011-05-16,7.19,-10.460783255195095,0
2011-05-17,6.88,-4.311543810848406,0
2011-05-18,6.81,-1.017441860465118,0
2011-05-19,5.59,-17.914831130690157,1
2011-05-22,7.15,27.906976744186053,1
2011-05-23,7.42,3.776223776223775,1
2011-05-24,8.4,13.207547169811317,1
2011-05-25,8.8,4.761904761904767,0
2011-05-26,8.5,-3.409090909090917,1
2011-05-29,8.8,3.529411764705892,0
2011-05-30,8.740001,-0.6818068181818293,1
2011-05-31,9.57,9.496554977510874,1
2011-06-01,10.599999,10.762789968652031,1
2011-06-02,14.29,34.8113334727673,1
2011-06-05,18.549999,29.81104968509447,1
2011-06-06,23.92,28.948794013412083,1
2011-06-07,29.6,23.745819397993316,0
2011-06-08,28.919998,-2.2973040540540612,0
2011-06-09,23.950001,-17.185329680866502,0
2011-06-12,19.84,-17.160755024603137,0
2011-06-13,19.280001,-2.8225756048387174,1
2011-06-14,19.49,1.0892063750411518,0
2011-06-15,17.0,-12.775782452539753,0
2011-06-16,15.68,-7.76470588235294,1
2011-06-19,17.51,11.67091836734695,0
2011-06-20,17.51,0.0,0
2011-06-21,17.51,0.0,0
2011-06-22,17.51,0.0,0
2011-06-23,17.51,0.0,0
2011-06-26,16.75,-4.340376927470024,1
2011-06-27,16.950001,1.1940358208955226,0
2011-06-28,16.85,-0.5899763663730684,0
2011-06-29,16.1,-4.4510385756676545,0
2011-06-30,15.4,-4.34782608695653,0
2011-07-03,13.86,-10.000000000000009,0
2011-07-04,12.91,-6.854256854256846,1
2011-07-05,14.78,14.484895429899304,0
2011-07-06,14.78,0.0,0
2011-07-07,14.31,-3.1799729364005325,0
2011-07-10,14.21,-0.6988120195667302,0
2011-07-11,14.009999,-1.4074665728360358,0
2011-07-12,13.949998999999998,-0.4282655551938408,1
2011-07-13,13.990001,0.2867527087277999,0
2011-07-14,13.809999,-1.2866475134633681,0
2011-07-17,13.48,-2.3895657052545705,1
2011-07-18,13.849999,2.744799703264089,0
2011-07-19,13.69,-1.1552275202330375,0
2011-07-20,13.610001,-0.5843608473338091,1
2011-07-21,13.700001,0.6612784231242896,1
2011-07-24,14.05,2.5547370398002256,0
2011-07-25,13.88,-1.2099644128113818,1
2011-07-26,13.940001,0.4322838616714675,0
2011-07-27,13.49,-3.228127458527441,1
2011-07-28,13.5,0.0741289844329085,0
2011-07-31,13.09,-3.037037037037038,0
2011-08-01,12.049999,-7.945003819709706,0
2011-08-02,9.26,-23.153520593653166,1
2011-08-03,10.75,16.09071274298057,0
2011-08-04,9.799999,-8.837218604651165,0
2011-08-07,7.8,-20.4081551436893,1
2011-08-08,9.99,28.076923076923087,0
2011-08-09,9.98,-0.10010010010009784,0
2011-08-10,9.46,-5.21042084168336,0
2011-08-11,9.46,0.0,1
2011-08-14,11.150001,17.864704016913315,0
2011-08-15,10.96,-1.7040446902201967,0
2011-08-16,10.95,-0.09124087591242391,0
2011-08-17,10.83,-1.0958904109588996,1
2011-08-18,11.65,7.571560480147732,0
2011-08-21,10.9,-6.4377682403433445,1
2011-08-22,10.94,0.3669724770642091,0
2011-08-23,10.849999,-0.8226782449725745,0
2011-08-24,9.66,-10.967733729745044,0
2011-08-25,8.18,-15.320910973084889,1
2011-08-28,8.97,9.657701711491452,0
2011-08-29,8.79,-2.006688963210723,0
2011-08-30,8.2,-6.712172923777016,1
2011-08-31,8.21,0.12195121951221743,1
2011-09-01,8.64,5.237515225334954,0
2011-09-04,7.61,-11.921296296296301,0
2011-09-05,6.86,-9.855453350854138,1
2011-09-06,7.19,4.810495626822164,0
2011-09-07,6.53,-9.179415855354655,0
2011-09-08,5.03,-22.970903522205212,1
2011-09-11,6.08,20.874751491053665,0
2011-09-12,5.8,-4.605263157894745,0
2011-09-13,5.62,-3.103448275862064,0
2011-09-14,4.84,-13.87900355871886,0
2011-09-15,4.82,-0.4132231404958553,1
2011-09-18,5.46,13.278008298755184,1
2011-09-19,6.11,11.904761904761907,0
2011-09-20,5.61,-8.183306055646478,0
2011-09-21,5.43,-3.208556149732633,1
2011-09-22,5.55,2.20994475138121,0
2011-09-25,4.87,-12.25225225225225,1
2011-09-26,4.92,1.0266940451745254,0
2011-09-27,4.77,-3.0487804878048808,1
2011-09-28,4.78,0.20964360587003572,1
2011-09-29,5.14,7.531380753138062,0
2011-10-02,5.02,-2.3346303501945553,0
2011-10-03,4.96,-1.195219123505964,0
2011-10-04,4.87,-1.814516129032251,0
2011-10-05,4.73,-2.8747433264887046,0
2011-10-06,4.27,-9.725158562367886,0
2011-10-09,4.1,-3.9812646370023352,0
2011-10-10,3.93,-4.146341463414627,1
2011-10-11,4.15,5.597964376590325,0
2011-10-12,4.05,-2.4096385542168752,0
2011-10-13,3.99,-1.4814814814814725,0
2011-10-16,2.56,-35.83959899749374,0
2011-10-17,2.42,-5.46875,0
2011-10-18,2.27,-6.198347107438018,1
2011-10-19,2.35,3.524229074889873,1
2011-10-20,2.57,9.361702127659566,0
2011-10-23,2.55,-0.7782101167315147,1
2011-10-24,2.77,8.62745098039217,0
2011-10-25,2.77,0.0,1
2011-10-26,3.04,9.747292418772568,1
2011-10-27,3.19,4.9342105263157965,1
2011-10-31,3.25,1.8808777429467183,0
2011-11-01,3.15,-3.076923076923077,1
2011-11-02,3.25,3.1746031746031855,0
2011-11-03,3.15,-3.076923076923077,0
2011-11-04,3.11,-1.2698412698412764,0
2011-11-07,3.01,-3.2154340836012874,1
2011-11-08,3.04,0.996677740863805,0
2011-11-09,2.95,-2.960526315789469,0
2011-11-10,2.84,-3.7288135593220417,1
2011-11-11,3.08,8.450704225352123,0
2011-11-14,2.22,-27.922077922077914,1
2011-11-15,2.33,4.954954954954949,1
2011-11-16,2.56,9.871244635193133,0
2011-11-17,2.25,-12.109375,0
2011-11-18,2.05,-8.888888888888902,1
2011-11-21,2.29,11.707317073170742,1
2011-11-22,2.33,1.7467248908296984,0
2011-11-23,2.33,0.0,1
2011-11-24,2.43,4.29184549356223,1
2011-11-25,2.51,3.2921810699588328,1
2011-11-28,2.55,1.5936254980079667,1
2011-11-29,2.75,7.843137254901977,1
2011-11-30,2.97,8.000000000000007,1
2011-12-01,3.06,3.0303030303030276,1
2011-12-02,3.12,1.9607843137254832,0
2011-12-05,2.88,-7.692307692307699,1
2011-12-06,3.03,5.208333333333326,0
2011-12-07,2.99,-1.3201320132013028,0
2011-12-08,2.98,-0.33444816053512794,0
2011-12-09,2.97,-0.3355704697986517,1
2011-12-12,3.14,5.723905723905731,1
2011-12-13,3.25,3.5031847133757843,0
2011-12-14,3.15,-3.076923076923077,1
2011-12-15,3.2,1.5873015873016039,0
2011-12-16,3.2,0.0,1
2011-12-19,3.52,9.999999999999986,1
2011-12-20,3.95,12.215909090909104,0
2011-12-21,3.89,-1.518987341772149,0
2011-12-22,3.89,0.0,1
2011-12-23,3.95,1.5424164524421524,1
2011-12-26,4.02,1.7721518987341645,1
2011-12-27,4.07,1.2437810945273853,1
2011-12-28,4.19,2.9484029484029506,0
2011-12-29,4.17,-0.4773269689737569,1
2011-12-30,4.25,1.918465227817756,1
2012-01-02,5.22,22.82352941176471,0
2012-01-03,4.88,-6.513409961685824,1
2012-01-04,5.57,14.139344262295083,1
2012-01-05,6.95,24.775583482944352,0
2012-01-06,6.7,-3.597122302158273,0
2012-01-09,6.33,-5.5223880597014885,1
2012-01-10,6.36,0.4739336492890933,1
2012-01-11,6.9,8.490566037735858,0
2012-01-12,6.8,-1.449275362318847,0
2012-01-13,6.41,-5.735294117647049,1
2012-01-16,6.68,4.212168486739465,0
2012-01-17,5.6,-16.167664670658688,1
2012-01-18,5.92,5.714285714285716,1
2012-01-19,6.36,7.432432432432434,1
2012-01-20,6.49,2.0440251572326984,0
2012-01-23,6.36,-2.003081664098616,0
2012-01-24,6.29,-1.1006289308176154,0
2012-01-25,5.75,-8.58505564387917,0
2012-01-26,5.34,-7.130434782608697,0
2012-01-27,5.29,-0.9363295880149725,1
2012-01-30,5.49,3.780718336483946,0
2012-01-31,5.48,-0.18214936247722413,1
2012-02-01,6.08,10.948905109489049,1
2012-02-02,6.1,0.3289473684210398,0
2012-02-03,5.96,-2.2950819672131084,0
2012-02-06,5.45,-8.557046979865767,1
2012-02-07,5.69,4.4036697247706424,0
2012-02-08,5.6,-1.5817223198594133,1
2012-02-09,5.83,4.107142857142865,1
2012-02-10,5.91,1.3722126929674117,0
2012-02-13,5.26,-10.998307952622676,0
2012-02-14,4.46,-15.209125475285168,0
2012-02-15,4.33,-2.914798206278024,0
2012-02-16,4.27,-1.3856812933025542,1
2012-02-17,4.41,3.2786885245901676,0
2012-02-20,4.36,-1.13378684807256,0
2012-02-21,4.27,-2.064220183486254,1
2012-02-22,4.42,3.512880562060894,1
2012-02-23,5.01,13.348416289592757,1
2012-02-24,5.03,0.3992015968063978,0
2012-02-27,4.96,-1.3916500994035852,0
2012-02-28,4.87,-1.814516129032251,0
2012-02-29,4.86,-0.2053388090349051,1
2012-03-01,4.92,1.2345679012345512,0
2012-03-02,4.7,-4.471544715447151,1
2012-03-05,4.98,5.957446808510647,1
2012-03-06,4.99,0.20080321285140812,0
2012-03-07,4.94,-1.002004008016033,0
2012-03-08,4.93,-0.2024291497975894,0
2012-03-09,4.86,-1.4198782961460377,1
2012-03-12,4.89,0.6172839506172645,1
2012-03-13,5.27,7.770961145194266,1
2012-03-14,5.38,2.0872865275142427,0
2012-03-15,5.33,-0.9293680297397744,1
2012-03-16,5.34,0.18761726078799779,0
2012-03-19,4.69,-12.172284644194741,1
2012-03-20,4.84,3.198294243070343,0
2012-03-21,4.81,-0.6198347107438051,0
2012-03-22,4.7,-2.2869022869022704,0
2012-03-23,4.69,-0.21276595744680327,0
2012-03-25,4.62,-1.4925373134328401,1
2012-03-26,4.81,4.112554112554112,0
2012-03-27,4.79,-0.4158004158004047,1
2012-03-28,4.81,0.41753653444676075,1
2012-03-29,4.86,1.0395010395010562,1
2012-04-01,4.97,2.263374485596703,0
2012-04-02,4.95,-0.4024144869215207,0
2012-04-03,4.91,-0.8080808080808133,1
2012-04-04,4.92,0.20366598778003286,1
2012-04-05,4.95,0.6097560975609762,0
2012-04-08,4.87,-1.6161616161616155,0
2012-04-09,4.84,-0.6160164271047264,1
2012-04-10,4.93,1.8595041322313932,0
2012-04-11,4.92,-0.20283975659228792,1
2012-04-12,4.94,0.40650406504065817,0
2012-04-15,4.93,-0.2024291497975894,1
2012-04-16,4.98,1.014198782961473,1
2012-04-17,5.12,2.8112449799196693,1
2012-04-18,5.14,0.390625,1
2012-04-19,5.35,4.085603112840475,0
2012-04-22,4.96,-7.289719626168223,1
2012-04-23,5.1,2.8225806451612767,1
2012-04-24,5.13,0.588235294117645,0
2012-04-25,5.1,-0.5847953216374324,1
2012-04-26,5.11,0.19607843137257053,0
2012-04-29,4.95,-3.131115459882583,1
2012-04-30,5.0,1.0101010101010166,1
2012-05-01,5.07,1.4000000000000012,1
2012-05-02,5.13,1.1834319526627057,0
2012-05-03,5.07,-1.1695906432748426,0
2012-05-06,5.06,-0.19723865877713243,0
2012-05-07,5.05,-0.19762845849802257,0
2012-05-08,5.04,-0.1980198019801982,0
2012-05-09,4.85,-3.7698412698412787,1
2012-05-10,4.96,2.268041237113416,1
2012-05-13,5.01,1.0080645161290258,1
2012-05-14,5.04,0.5988023952095967,1
2012-05-15,5.09,0.9920634920634885,1
2012-05-16,5.1,0.19646365422396617,1
2012-05-17,5.12,0.39215686274509665,0
2012-05-20,5.1,-0.3906250000000111,0
2012-05-21,5.1,0.0,1
2012-05-22,5.14,0.7843137254901933,0
2012-05-23,5.12,-0.38910505836574627,1
2012-05-24,5.15,0.5859375,0
2012-05-27,5.14,-0.1941747572815622,1
2012-05-28,5.15,0.1945525291829009,0
2012-05-29,5.14,-0.1941747572815622,1
2012-05-30,5.18,0.7782101167315147,1
2012-05-31,5.27,1.737451737451745,0
2012-06-03,5.27,0.0,1
2012-06-04,5.44,3.2258064516129226,1
2012-06-05,5.46,0.3676470588235281,1
2012-06-06,5.59,2.3809523809523725,1
2012-06-07,5.63,0.7155635062611854,0
2012-06-10,5.57,-1.0657193605683735,1
2012-06-11,5.7,2.333931777378817,1
2012-06-12,5.93,4.035087719298236,1
2012-06-13,5.95,0.337268128161905,1
2012-06-14,6.5,9.243697478991585,0
2012-06-17,6.31,-2.9230769230769282,1
2012-06-18,6.5,3.0110935023771823,1
2012-06-19,6.67,2.6153846153846194,1
2012-06-20,6.68,0.14992503748125774,0
2012-06-21,6.55,-1.9461077844311392,0
2012-06-24,6.3,-3.8167938931297662,1
2012-06-25,6.42,1.904761904761898,1
2012-06-26,6.65,3.5825545171339623,0
2012-06-27,6.61,-0.6015037593984918,1
2012-06-28,6.65,0.605143721633894,1
2012-07-01,6.76,1.6541353383458635,0
2012-07-02,6.45,-4.585798816568043,1
2012-07-03,6.51,0.9302325581395321,1
2012-07-04,6.67,2.457757296466978,0
2012-07-05,6.65,-0.2998500749625155,1
2012-07-08,7.02,5.563909774436082,1
2012-07-09,7.2,2.564102564102577,0
2012-07-10,7.15,-0.694444444444442,1
2012-07-11,7.76,8.531468531468533,0
2012-07-12,7.67,-1.1597938144329856,1
2012-07-15,8.5,10.821382007822677,1
2012-07-16,8.8,3.529411764705892,1
2012-07-17,9.11,3.5227272727272663,0
2012-07-18,8.87,-2.634467618002201,0
2012-07-19,8.52,-3.945885005636973,0
2012-07-22,8.45,-0.8215962441314617,1
2012-07-23,8.599999,1.7751360946745676,1
2012-07-24,8.8,2.3255932936736334,1
2012-07-25,8.9,1.1363636363636243,0
2012-07-26,8.9,0.0,1
2012-07-29,9.1,2.2471910112359383,1
2012-07-30,9.35,2.7472527472527375,1
2012-07-31,9.55,2.1390374331550888,1
2012-08-01,10.53,10.261780104712038,1
2012-08-02,10.969999,4.1785280151946935,0
2012-08-05,10.86,-1.002725706720664,1
2012-08-06,11.1,2.20994475138121,0
2012-08-07,11.06,-0.3603603603603567,0
2012-08-08,11.06,0.0,1
2012-08-09,11.389999,2.9837160940325402,1
2012-08-12,12.04,5.706769596731309,1
2012-08-13,12.190001,1.2458554817275758,1
2012-08-14,13.25,8.69564325712524,1
2012-08-15,13.5,1.8867924528301883,0
2012-08-16,11.58,-14.222222222222225,0
2012-08-19,10.1,-12.780656303972371,0
2012-08-20,9.92,-1.7821782178217838,0
2012-08-21,9.809999,-1.1088810483871003,1
2012-08-22,10.1,2.956177671373883,1
2012-08-23,10.599999,4.95048514851486,1
2012-08-26,10.95,3.3018965379147502,0
2012-08-27,10.94,-0.09132420091324533,0
2012-08-28,10.92,-0.1828153564899404,0
2012-08-29,10.78,-1.2820512820512886,0
2012-08-30,10.16,-5.75139146567717,1
2012-09-02,10.53,3.6417322834645605,0
2012-09-03,10.38,-1.424501424501412,1
2012-09-04,11.0,5.973025048169545,1
2012-09-05,11.179999,1.6363545454545436,0
2012-09-06,11.0,-1.6100090885518004,1
2012-09-09,11.17,1.5454545454545388,1
2012-09-10,11.33,1.43240823634736,1
2012-09-11,11.36,0.26478375992937675,1
2012-09-12,11.4,0.35211267605634866,1
2012-09-13,11.67,2.368421052631575,1
2012-09-16,11.889999,1.8851670951156807,1
2012-09-17,12.25,3.027763080551993,1
2012-09-18,12.57,2.612244897959193,0
2012-09-19,12.280001,-2.3070723945902927,1
2012-09-20,12.37,0.7328908197971495,0
2012-09-23,12.1,-2.182700080840738,1
2012-09-24,12.2,0.8264462809917328,1
2012-09-25,12.27,0.5737704918032716,1
2012-09-26,12.31,0.32599837000815146,1
2012-09-27,12.39,0.6498781478472715,1
2012-09-30,12.400001,0.08071832122678035,1
2012-10-01,12.84,3.5483787460984795,1
2012-10-02,12.889999,0.3894003115264777,0
2012-10-03,12.85,-0.3103103421497555,0
2012-10-04,12.690001,-1.245128404669249,0
2012-10-07,11.78,-7.171008103151455,1
2012-10-08,11.9,1.018675721561979,1
2012-10-09,12.12,1.8487394957983128,0
2012-10-10,12.030001,-0.7425660066006534,0
2012-10-11,12.0,-0.24938485042520497,0
2012-10-14,11.84,-1.3333333333333308,1
2012-10-15,11.849999,0.08445101351350903,0
2012-10-16,11.809999,-0.3375527711015125,1
2012-10-17,11.94,1.1007706266528805,0
2012-10-18,11.74,-1.67504187604689,0
2012-10-21,11.71,-0.25553662691651935,0
2012-10-22,11.65,-0.5123825789923209,0
2012-10-23,11.65,0.0,0
2012-10-24,10.86,-6.781115879828336,0
2012-10-25,10.17,-6.353591160220995,1
2012-10-29,10.599999,4.228112094395287,1
2012-10-30,10.89,2.7358587486659314,1
2012-10-31,11.2,2.846648301193744,0
2012-11-01,10.57,-5.624999999999991,0
2012-11-02,10.47,-0.9460737937559083,1
2012-11-05,10.75,2.6743075453677045,1
2012-11-06,10.9,1.3953488372093092,1
2012-11-07,10.92,0.18348623853210455,1
2012-11-08,10.929999,0.09156593406594027,0
2012-11-09,10.82,-1.0063953345283982,1
2012-11-12,11.01,1.7560073937153309,0
2012-11-13,10.95,-0.5449591280654031,0
2012-11-14,10.95,0.0,1
2012-11-15,11.2,2.2831050228310446,1
2012-11-16,11.75,4.910714285714302,1
2012-11-19,11.8,0.42553191489362874,0
2012-11-20,11.73,-0.5932203389830581,1
2012-11-21,11.77,0.34100596760442414,1
2012-11-22,12.42,5.522514868309258,0
2012-11-23,12.35,-0.5636070853462183,0
2012-11-26,12.25,-0.8097165991902799,0
2012-11-27,12.2,-0.40816326530612734,1
2012-11-28,12.35,1.2295081967213184,1
2012-11-29,12.450001,0.8097246963562732,1
2012-11-30,12.57,0.9638473121407864,1
2012-12-03,12.68,0.8750994431185211,1
2012-12-04,13.41,5.757097791798116,0
2012-12-05,13.38,-0.22371364653243075,0
2012-12-06,13.3,-0.5979073243647215,1
2012-12-07,13.5,1.5037593984962294,0
2012-12-10,13.43,-0.5185185185185182,1
2012-12-11,13.559999,0.9679746835443037,1
2012-12-12,13.700001,1.0324632029840242,0
2012-12-13,13.700001,0.0,0
2012-12-14,13.599999,-0.7299415525590103,0
2012-12-17,13.25,-2.573522248053106,1
2012-12-18,13.3,0.37735849056603765,1
2012-12-19,13.599999,2.25563157894737,0
2012-12-20,13.52,-0.5882279844285354,0
2012-12-21,13.5,-0.14792899408283544,0
2012-12-24,13.38,-0.8888888888888835,0
2012-12-25,13.35,-0.22421524663678305,1
2012-12-26,13.469999,0.8988689138576866,0
2012-12-27,13.42,-0.37118785235247254,0
2012-12-28,13.42,0.0,1
2012-12-31,13.51,0.6706408345752646,0
2013-01-01,13.3,-1.5544041450777146,0
2013-01-02,13.28,-0.15037593984963404,1
2013-01-03,13.400001,0.9036219879518192,1
2013-01-04,13.5,0.746261138338733,1
2013-01-07,13.589999,0.6666592592592613,1
2013-01-08,13.74,1.103760198952175,1
2013-01-09,13.77,0.21834061135370675,1
2013-01-10,14.14,2.6870007262164153,0
2013-01-11,14.14,0.0,1
2013-01-14,14.3,1.1315417256011262,0
2013-01-15,14.25,-0.34965034965035446,1
2013-01-16,14.73,3.368421052631576,1
2013-01-17,15.5,5.227427019687703,1
2013-01-18,15.7,1.2903225806451646,1
2013-01-21,16.799999,7.006363057324849,1
2013-01-22,17.26,2.738101353458422,1
2013-01-23,17.5,1.39049826187716,0
2013-01-24,16.9,-3.4285714285714364,1
2013-01-25,17.4,2.9585798816567976,1
2013-01-28,18.719999,7.586201149425298,1
2013-01-29,19.530001,4.3269339918233785,1
2013-01-30,19.700001,0.8704556645952044,1
2013-01-31,20.41,3.604055654616456,1
2013-02-01,20.5,0.4409603135717699,0
2013-02-04,20.43,-0.34146341463414664,1
2013-02-05,20.6,0.8321096426823438,1
2013-02-06,21.18,2.8155339805825186,1
2013-02-07,22.15,4.5797922568460825,1
2013-02-08,22.66,2.3024830699774235,1
2013-02-11,24.65,8.781994704324791,1
2013-02-12,25.17,2.1095334685598433,0
2013-02-13,24.200001,-3.8537902264600743,1
2013-02-14,27.220001,12.47933832730006,0
2013-02-15,27.1,-0.4408559720479044,0
2013-02-18,26.950001,-0.5535018450184559,1
2013-02-19,29.419998,9.16510912188835,1
2013-02-20,29.650002,0.7817947506318701,1
2013-02-21,29.749998,0.3372546146877209,1
2013-02-22,30.250002,1.6806858272729874,1
2013-02-25,30.4,0.49586112424058193,1
2013-02-26,31.1,2.3026315789473673,0
2013-02-27,30.899998,-0.6430932475884332,1
2013-02-28,33.380001,8.025900195851143,1
2013-03-01,34.5,3.3552994800689184,1
2013-03-04,36.150002,4.782614492753634,1
2013-03-05,40.330002,11.562931587113056,1
2013-03-06,41.02,1.7108801531921625,1
2013-03-07,42.0,2.3890784982935065,1
2013-03-08,44.18,5.19047619047619,1
2013-03-11,48.400002,9.551837935717522,0
2013-03-12,44.290001,-8.49173725240756,1
2013-03-13,46.919998,5.9381281115798545,1
2013-03-14,47.169998,0.5328218470938451,0
2013-03-15,46.950001,-0.46639179420783217,1
2013-03-18,51.599998,9.904146753905296,1
2013-03-19,59.139999,14.612405605132018,1
2013-03-20,64.489998,9.046329202677184,1
2013-03-21,70.849998,9.861994413459275,0
2013-03-22,69.870003,-1.3831969338940597,1
2013-03-25,73.60000600000002,5.338489823737413,1
2013-03-26,78.5,6.6576000007390945,1
2013-03-27,88.91999799999998,13.273882802547753,0
2013-03-28,86.18,-3.081419322569001,1
2013-03-29,90.5,5.012763982362478,1
2013-03-31,103.999992,14.917118232044203,1
2013-04-01,117.979996,13.442312572485582,1
2013-04-02,135.0,14.426177807295403,0
2013-04-03,132.119995,-2.133337037037042,1
2013-04-04,142.31999199999996,7.720252335764899,1
2013-04-07,187.5,31.745369968823532,1
2013-04-08,230.000015,22.66667466666665,0
2013-04-09,165.0,-28.260874243856026,0
2013-04-10,124.900002,-24.30302909090909,0
2013-04-11,117.000008,-6.325055142913449,0
2013-04-14,82.389999,-29.581202250857963,0
2013-04-15,68.360001,-17.028763406102243,1
2013-04-16,93.07,36.146867522719894,1
2013-04-17,109.009995,17.126888363597303,1
2013-04-18,118.480003,8.68728413389983,1
2013-04-21,127.399994,7.528689039617942,1
2013-04-22,143.479996,12.621666214521166,1
2013-04-23,154.20001200000004,7.471435948464933,0
2013-04-24,141.709991,-8.099883286649835,0
2013-04-25,136.899994,-3.3942539732431443,1
2013-04-28,144.0,5.186271958492572,0
2013-04-29,139.229996,-3.3125027777777816,0
2013-04-30,116.380005,-16.411686889655584,0
2013-05-01,106.250008,-8.704241763866571,0
2013-05-02,98.100006,-7.670589540096784,1
2013-05-05,112.25,14.424050086194695,0
2013-05-06,109.600006,-2.360796436525614,1
2013-05-07,113.199997,3.2846631413505634,0
2013-05-08,112.799995,-0.35335866660844983,1
2013-05-09,117.700005,4.343980689006255,1
2013-05-12,117.979996,0.2378852915086993,0
2013-05-13,111.400002,-5.577211580851382,1
2013-05-14,114.220001,2.53141736927438,1
2013-05-15,118.209999,3.493256842118231,1
2013-05-16,123.5,4.475087593901428,0
2013-05-19,122.019997,-1.1983829959514192,1
2013-05-20,122.890007,0.713006082109624,1
2013-05-21,123.800003,0.7404963366956396,1
2013-05-22,126.299995,2.019379595653148,1
2013-05-23,133.100006,5.384015256691033,0
2013-05-26,129.770004,-2.501879676849905,0
2013-05-27,129.0,-0.5933605427029143,1
2013-05-28,132.25,2.519379844961245,0
2013-05-29,128.800003,-2.6086933837429105,1
2013-05-30,128.820007,0.015531055538864358,0
2013-06-02,120.740005,-6.272319174769181,1
2013-06-03,121.399994,0.5466199873024769,1
2013-06-04,121.900009,0.4118739907021718,0
2013-06-05,118.970001,-2.403615901291689,0
2013-06-06,111.0,-6.699168641681352,0
2013-06-09,106.349998,-4.189190990990987,1
2013-06-10,109.000008,2.4917818992342466,0
2013-06-11,108.779999,-0.20184310445187092,0
2013-06-12,103.949997,-4.4401563195454745,0
2013-06-13,100.0,-3.7999010235661657,1
2013-06-16,101.950005,1.950004999999999,1
2013-06-17,107.349998,5.296706949646546,1
2013-06-18,108.25,0.8383810123592239,1
2013-06-19,111.290001,2.8083150115473465,0
2013-06-20,109.500008,-1.6084041548350858,0
2013-06-23,102.090004,-6.767126446237337,1
2013-06-24,103.330002,1.2146125491385051,1
2013-06-25,103.999992,0.6483983228801282,0
2013-06-26,101.740005,-2.1730645902357515,0
2013-06-27,94.660004,-6.9589155219719085,0
2013-06-30,88.049995,-6.982895331379879,1
2013-07-01,90.410004,2.6803056604375763,0
2013-07-02,78.889999,-12.74195829036795,1
2013-07-03,80.040001,1.457728501175426,0
2013-07-04,68.5,-14.417792173690758,1
2013-07-07,76.0,10.948905109489049,1
2013-07-08,76.700005,0.9210592105263204,1
2013-07-09,88.0,14.732717422899766,1
2013-07-10,88.979996,1.113631818181826,1
2013-07-11,93.989998,5.630481260080078,1
2013-07-14,98.890007,5.213330252438131,0
2013-07-15,97.099998,-1.8101009943299884,1
2013-07-16,98.5,1.4418146537963805,0
2013-07-17,90.07,-8.558375634517779,1
2013-07-18,92.0,2.1427778394581987,0
2013-07-21,91.600006,-0.43477608695653425,1
2013-07-22,95.560005,4.323142729925156,0
2013-07-23,95.089996,-0.49184698138097227,1
2013-07-24,96.950005,1.9560511917573464,0
2013-07-25,96.019997,-0.9592655513529946,1
2013-07-28,101.480003,5.686321777327263,1
2013-07-29,107.959991,6.385482664993614,0
2013-07-30,106.210007,-1.620956044725863,0
2013-07-31,103.999992,-2.0807973395576496,1
2013-08-01,104.500008,0.48078465236804924,1
2013-08-04,106.720001,2.1243950526778965,0
2013-08-05,106.559998,-0.14992784717083874,0
2013-08-06,105.989998,-0.5349099199495,0
2013-08-07,103.049995,-2.7738494720983,0
2013-08-08,102.800003,-0.2425929278307981,1
2013-08-11,106.809998,3.9007732324676914,1
2013-08-12,109.600006,2.6121225093553413,1
2013-08-13,112.560005,2.7007288667484364,0
2013-08-14,109.989998,-2.2832328410077873,0
2013-08-15,108.990005,-0.9091672135497331,1
2013-08-18,118.500008,8.725573505570527,1
2013-08-19,121.199997,2.2784715761369423,1
2013-08-20,123.300003,1.7326782607098634,0
2013-08-21,122.000008,-1.0543349297404414,0
2013-08-22,118.509995,-2.8606662058579424,1
2013-08-25,120.07,1.3163488868596973,1
2013-08-26,131.290009,9.34455650870325,0
2013-08-27,128.759995,-1.9270422930658726,1
2013-08-28,129.300003,0.4193911315389487,1
2013-08-29,138.029999,6.7517368889775,1
2013-09-01,144.0,4.32514746305257,0
2013-09-02,144.0,0.0,0
2013-09-03,132.509995,-7.979170138888891,0
2013-09-04,130.199997,-1.743263215729507,0
2013-09-05,121.900009,-6.374798918006119,1
2013-09-08,133.100006,9.187855761356033,0
2013-09-09,132.619995,-0.3606393526383589,1
2013-09-10,142.099991,7.148240353952651,0
2013-09-11,139.349991,-1.9352569839360512,1
2013-09-12,140.660004,0.9400883276698524,0
2013-09-15,139.419998,-0.8815626082308348,0
2013-09-16,139.150009,-0.19365155922609345,1
2013-09-17,140.410004,0.9054940125803101,0
2013-09-18,135.050003,-3.817392527102259,0
2013-09-19,133.809998,-0.9181821343610008,0
2013-09-22,133.400009,-0.30639638751058795,1
2013-09-23,134.779999,1.0344751925766227,1
2013-09-24,135.0,0.1632297088828505,1
2013-09-25,137.099991,1.5555488888888913,1
2013-09-26,138.929993,1.334793668950729,1
2013-09-29,141.899994,2.1377680484011785,0
2013-09-30,140.300003,-1.1275483211084514,0
2013-10-01,123.000008,-12.330716058502155,1
2013-10-02,130.990005,6.495932097825552,1
2013-10-03,136.820007,4.450722786062955,0
2013-10-06,135.800003,-0.7455079285297761,1
2013-10-07,136.48998999999998,0.5080905631496657,1
2013-10-08,139.5,2.205297252934102,1
2013-10-09,140.410004,0.6523326164874499,0
2013-10-10,140.100006,-0.2207805648947736,1
2013-10-13,151.369995,8.044245908169323,1
2013-10-14,158.089996,4.439453803245508,0
2013-10-15,152.820007,-3.3335373099762755,1
2013-10-16,157.589996,3.121311858073672,1
2013-10-17,168.279999,6.78342742010094,1
2013-10-20,192.779999,14.55906830615088,1
2013-10-21,202.990005,5.2961956909233,1
2013-10-22,227.970016,12.306030043203364,0
2013-10-23,206.979996,-9.207359971409568,0
2013-10-24,197.880005,-4.396555790831103,1
2013-10-28,206.900009,4.558320078878109,1
2013-10-29,216.0,4.398255487751079,0
2013-10-30,207.999985,-3.7037106481481397,1
2013-10-31,211.169998,1.5240448214455249,1
2013-11-01,213.430008,1.0702325242243793,1
2013-11-04,238.159988,11.586927364028398,1
2013-11-05,251.300003,5.517305870875333,1
2013-11-06,264.100006,5.093514861597526,1
2013-11-07,309.649994,17.247249892148808,1
2013-11-08,355.0,14.645569797750424,1
2013-11-11,362.97998,2.2478816901408516,1
2013-11-12,380.040009,4.699991718551533,1
2013-11-13,434.850006,14.422164956848004,0
2013-11-14,433.400024,-0.33344417155188877,1
2013-11-15,433.919983,0.11997207457470349,1
2013-11-18,785.429993,81.00802538978714,0
2013-11-19,645.6900019999998,-17.791527220173286,0
2013-11-20,637.9700320000002,-1.1956155393590295,1
2013-11-21,764.910034,19.897486658119345,1
2013-11-22,802.0,4.848931815685931,1
2013-11-25,829.989929,3.490016084788028,1
2013-11-26,969.960083,16.864078600163367,1
2013-11-27,1079.890015,11.333449069367507,1
2013-11-28,1101.380005,1.9900165481204102,1
2013-11-29,1206.929932,9.58342502322802,0
2013-12-02,1096.560059,-9.144679411265122,1
2013-12-03,1154.860107,5.3166306324494705,1
2013-12-04,1237.549927,7.160159009631473,0
2013-12-05,1106.349976,-10.601588520799943,0
2013-12-06,845.0200199999998,-23.620912158812224,1
2013-12-09,918.950012,8.748904197559737,1
2013-12-10,1033.720093,12.489262691255053,0
2013-12-11,919.929993,-11.007825113446835,0
2013-12-12,899.9799800000002,-2.1686446959882755,1
2013-12-13,936.77002,4.087873154689481,0
2013-12-16,759.9200440000002,-18.878697249512733,0
2013-12-17,714.969971,-5.915105589713887,0
2013-12-18,540.97998,-24.335286523523102,1
2013-12-19,731.950012,35.30075771010972,0
2013-12-20,649.960022,-11.201583257846847,1
2013-12-23,713.23999,9.735978499920739,0
2013-12-24,702.75,-1.4707518012275322,1
2013-12-25,707.25,0.6403415154749181,1
2013-12-26,801.97998,13.394129374337215,1
2013-12-27,803.0499269999998,0.13341318071304897,1
2013-12-30,804.830017,0.22166616796170935,1
2013-12-31,805.939941,0.13790787825449513,1
2014-01-01,815.9400019999998,1.2407948150071624,1
2014-01-02,856.909973,5.021198972911756,1
2014-01-03,884.260071,3.1917119489517143,1
2014-01-06,1012.650024,14.519478738286251,0
2014-01-07,879.8999630000002,-13.109174725107186,1
2014-01-08,938.840027,6.698496019825351,0
2014-01-09,936.950073,-0.20130735222689822,1
2014-01-10,957.759949,2.221022933844208,0
2014-01-13,922.909973,-3.6386963180478515,0
2014-01-14,919.280029,-0.39331506931283844,1
2014-01-15,941.21991,2.386637401866154,0
2014-01-16,913.48999,-2.946168021456319,0
2014-01-17,894.159973,-2.1160622679620156,1
2014-01-20,955.950012,6.910400919948123,1
2014-01-21,962.210022,0.6548470026066511,0
2014-01-22,950.950073,-1.170217389400674,0
2014-01-23,944.159973,-0.7140332802729521,0
2014-01-24,916.549927,-2.9242974484791073,1
2014-01-27,943.540039,2.944750875529767,0
2014-01-28,932.680054,-1.150982952616375,0
2014-01-29,925.670044,-0.7515985755175203,1
2014-01-30,941.390015,1.698226177015627,0
2014-01-31,938.849976,-0.26981792450815334,0
2014-02-03,931.710083,-0.7604934955017684,0
2014-02-04,926.640015,-0.5441679866418414,0
2014-02-05,904.52002,-2.3871184755603236,0
2014-02-06,828.869995,-8.36355451811891,0
2014-02-07,695.649963,-16.07248818314385,0
2014-02-10,582.630005,-16.246670597465407,0
2014-02-11,578.960022,-0.6298994161826554,0
2014-02-12,531.130005,-8.261367828951748,0
2014-02-13,451.440002,-15.003860118955249,0
2014-02-14,427.679993,-5.263159865040046,0
2014-02-17,272.27999900000003,-36.3355771940447,1
2014-02-18,293.950012,7.958723769497289,0
2014-02-19,261.52999900000003,-11.02909055162753,0
2014-02-20,111.920006,-57.20567184340486,0
2014-02-21,111.560005,-0.3216592036279886,1
2014-02-24,174.0,55.96987468761765,0
2014-02-25,135.779999,-21.96551781609195,1
2014-02-26,593.1400150000002,336.83901853615436,1
2014-02-27,596.48999,0.5647865453825229,0
2014-02-28,573.9400019999998,-3.7804470113572575,1
2014-03-03,662.179993,15.374427761179144,0
2014-03-04,661.849976,-0.049837959994059045,0
2014-03-05,658.299988,-0.5363735179768292,0
2014-03-06,648.26001,-1.5251371993037388,0
2014-03-07,616.72998,-4.863793773118907,0
2014-03-10,612.969971,-0.6096685943498215,0
2014-03-11,608.6900019999998,-0.6982346937840722,1
2014-03-12,619.429993,1.7644434711776569,1
2014-03-13,625.039978,0.9056689316624844,0
2014-03-14,614.0299679999998,-1.7614889267131284,0
2014-03-17,606.380005,-1.2458615049224853,0
2014-03-18,598.929993,-1.2286044952949937,0
2014-03-19,594.959961,-0.6628540975405661,0
2014-03-20,565.98999,-4.8692303514521695,0
2014-03-21,549.599976,-2.89581340475652,1
2014-03-24,567.5599980000002,3.2678352955386902,0
2014-03-25,562.8900150000002,-0.8228175023709094,0
2014-03-26,562.450012,-0.07816855660517374,0
2014-03-27,460.449982,-18.134950275367768,1
2014-03-28,482.609985,4.81268408432689,0
2014-03-30,444.660004,-7.863488568310495,1
2014-03-31,463.450012,4.2257022963549495,0
2014-04-01,424.369995,-8.432412555423562,1
2014-04-02,436.3100280000001,2.8135902963639214,1
2014-04-03,444.359985,1.845008476403831,1
2014-04-06,462.380005,4.055275139141967,1
2014-04-07,466.559967,0.9040101117694377,0
2014-04-08,457.339996,-1.97615990486385,0
2014-04-09,384.629974,-15.8984612402017,1
2014-04-10,435.139984,13.132104467760497,1
2014-04-13,478.379974,9.937029827164757,1
2014-04-14,526.429993,10.044320751604019,1
2014-04-15,536.950012,1.9983699902904384,0
2014-04-16,502.0,-6.508988028479646,0
2014-04-17,485.5200200000001,-3.282864541832653,1
2014-04-20,495.160004,1.9854967051615935,0
2014-04-21,487.910004,-1.4641731847146566,0
2014-04-22,487.300018,-0.1250201871245027,1
2014-04-23,500.290009,2.6657070634460656,0
2014-04-24,464.490021,-7.155847079888411,0
2014-04-27,441.919983,-4.8591007297442035,1
2014-04-28,446.119995,0.9504010141130115,0
2014-04-29,445.630005,-0.10983367826856716,1
2014-04-30,460.129974,3.2538134410406316,0
2014-05-01,453.669983,-1.4039491806721593,0
2014-05-04,430.869995,-5.025677001865914,1
2014-05-05,432.190002,0.306358533970319,1
2014-05-06,446.549988,3.3226094850755006,0
2014-05-07,441.110016,-1.2182224042518675,1
2014-05-08,445.449982,0.9838738279749348,0
2014-05-11,438.210022,-1.6253137933677109,0
2014-05-12,433.919983,-0.9789915302302221,1
2014-05-13,442.630005,2.007287597077534,1
2014-05-14,448.100006,1.2357953455957027,1
2014-05-15,453.630035,1.2341059865997872,0
2014-05-18,443.89999400000005,-2.1449287413255136,1
2014-05-19,484.570007,9.161976469862253,1
2014-05-20,488.839996,0.8811913528110837,1
2014-05-21,515.3599849999998,5.425085757508241,1
2014-05-22,518.089966,0.5297231215962928,1
2014-05-25,582.01001,12.337634039413148,0
2014-05-26,570.100037,-2.046351917555489,1
2014-05-27,570.839966,0.1297893267808936,0
2014-05-28,564.419983,-1.124655487068682,1
2014-05-29,612.350037,8.491913015772878,1
2014-06-01,655.48999,7.044982508917519,1
2014-06-02,669.429993,2.126653833417036,0
2014-06-03,638.929993,-4.556114951365798,1
2014-06-04,660.179993,3.3258729802656095,0
2014-06-05,650.410034,-1.4798932266340215,0
2014-06-08,644.349976,-0.9317288607512464,1
2014-06-09,655.619995,1.7490524435124666,0
2014-06-10,642.950012,-1.932519309451508,0
2014-06-11,597.130005,-7.126527124164673,1
2014-06-12,610.349976,2.2139183911885407,0
2014-06-15,599.080017,-1.8464748821420351,1
2014-06-16,605.090027,1.00320655496009,1
2014-06-17,606.210022,0.18509559735315761,0
2014-06-18,600.169983,-0.996360795895912,0
2014-06-19,590.75,-1.5695525045943515,1
2014-06-22,591.169983,0.07109318662716912,0
2014-06-23,588.77002,-0.4059683456560048,0
2014-06-24,568.4499509999998,-3.45127440422327,1
2014-06-25,582.6999509999998,2.506816998564587,1
2014-06-26,602.22998,3.3516441809345876,1
2014-06-29,635.1400150000002,5.464695563645017,1
2014-06-30,643.1900019999998,1.2674350237560805,1
2014-07-01,645.719971,0.3933470657400129,0
2014-07-02,638.030029,-1.190909735700274,0
2014-07-03,623.960022,-2.2052264565121327,0
2014-07-06,613.600037,-1.6603603812296752,1
2014-07-07,615.320007,0.28030800135039335,1
2014-07-08,623.0,1.2481299019422298,0
2014-07-09,618.389954,-0.7399752808988747,1
2014-07-10,632.900024,2.346427186622768,0
2014-07-13,618.320007,-2.3036840649574675,1
2014-07-14,619.599976,0.20700753420710427,0
2014-07-15,614.799988,-0.7746914438227726,1
2014-07-16,626.580017,1.9160750211335342,1
2014-07-17,627.4700320000002,0.14204331064713305,0
2014-07-20,625.130005,-0.3729304796504129,0
2014-07-21,622.5299679999998,-0.415919405436338,0
2014-07-22,621.6900019999998,-0.1349278015801536,0
2014-07-23,601.869995,-3.1880852090653056,0
2014-07-24,600.5,-0.22762307664132564,0
2014-07-27,587.929993,-2.0932567860116658,0
2014-07-28,585.77002,-0.3673860877514201,0
2014-07-29,564.639954,-3.6072289940683677,1
2014-07-30,589.519958,4.406348474589161,1
2014-07-31,598.7799679999998,1.5707712477479596,0
2014-08-03,592.769958,-1.003709262364616,0
2014-08-04,588.76001,-0.6764762528670532,1
2014-08-05,589.77002,0.17154867566500087,1
2014-08-06,592.799988,0.5137541579342875,1
2014-08-07,595.850037,0.5145156986744226,0
2014-08-10,575.8900150000002,-3.349839852405656,0
2014-08-11,567.659973,-1.4290996172246828,0
2014-08-12,542.100037,-4.502684215150743,0
2014-08-13,504.800018,-6.880652361955109,0
2014-08-14,496.450012,-1.654121573347489,0
2014-08-17,462.179962,-6.903021285454214,1
2014-08-18,485.119995,4.963441708015903,1
2014-08-19,516.7799679999998,6.526214818253329,1
2014-08-20,517.9400019999998,0.22447348423535463,0
2014-08-21,516.099976,-0.3552585227815319,0
2014-08-24,502.929993,-2.5518278652274073,1
2014-08-25,512.5599980000002,1.9147804135833502,1
2014-08-26,515.22998,0.5209111148778645,0
2014-08-27,510.75,-0.8695107377097777,1
2014-08-28,512.5599980000002,0.3543804209496182,0
2014-08-31,477.190002,-6.900654779540593,1
2014-09-01,478.940002,0.3667302317033938,1
2014-09-02,480.040009,0.22967532371622745,1
2014-09-03,490.98999,2.281055910904284,0
2014-09-04,483.64999400000005,-1.494938012891045,0
2014-09-07,475.689972,-1.6458228261654884,0
2014-09-08,474.899963,-0.1660764461101527,1
2014-09-09,479.700012,1.0107494996793642,0
2014-09-10,478.48999,-0.2522455638379384,0
2014-09-11,477.72998,-0.15883508869223295,0
2014-09-14,477.709991,-0.004184162777476352,0
2014-09-15,466.75,-2.294277115087595,0
2014-09-16,461.090027,-1.2126348152115662,0
2014-09-17,424.26001,-7.987597831952242,0
2014-09-18,397.670013,-6.2673823535713495,1
2014-09-21,404.090027,1.614407370464721,1
2014-09-22,436.860016,8.109576285088549,0
2014-09-23,423.769989,-2.996389351411821,0
2014-09-24,412.290009,-2.7090120343562174,0
2014-09-25,404.460022,-1.8991454629209814,0
2014-09-28,376.769989,-6.846173044019654,1
2014-09-29,388.170013,3.0257250664409874,0
2014-09-30,382.839996,-1.3731140535062414,0
2014-10-01,375.139984,-2.011287242830284,0
2014-10-02,363.450012,-3.116162632240238,0
2014-10-05,331.549988,-8.777004525178011,1
2014-10-06,331.649994,0.03016317406714375,1
2014-10-07,350.869995,5.795266500140506,1
2014-10-08,360.910004,2.8614612657317684,1
2014-10-09,361.709991,0.22165830570881617,1
2014-10-12,387.319977,7.080253970645778,1
2014-10-13,397.100006,2.5250515286486364,0
2014-10-14,393.169983,-0.9896809218381097,0
2014-10-15,379.769989,-3.408193549709515,1
2014-10-16,380.480011,0.18696106079092445,0
2014-10-19,380.390015,-0.023653279383439862,1
2014-10-20,382.350006,0.5152582672287132,0
2014-10-21,378.929993,-0.894471804977548,0
2014-10-22,355.7799990000001,-6.109306317169761,0
2014-10-23,355.100006,-0.19112738262728746,0
2014-10-27,350.089996,-1.4108729696839295,1
2014-10-28,351.059998,0.27707218460479854,0
2014-10-29,335.119995,-4.540535262009538,1
2014-10-30,344.8600160000001,2.9064278901054674,0
2014-10-31,337.869995,-2.02691546589735,0
2014-11-03,324.23999,-4.034097493623257,1
2014-11-04,327.9600220000001,1.1473082021746128,1
2014-11-05,338.01001,3.064394232782419,1
2014-11-06,347.670013,2.8579044153159705,0
2014-11-07,341.869995,-1.668253741515513,1
2014-11-10,367.149994,7.394623503007325,0
2014-11-11,365.420013,-0.4711918911266544,1
2014-11-12,432.029968,18.228327029258807,0
2014-11-13,428.720032,-0.7661357417687253,0
2014-11-14,396.529968,-7.50841145673361,0
2014-11-17,384.690002,-2.985894372553455,0
2014-11-18,379.160004,-1.4375205935297397,1
2014-11-19,381.429993,0.5986889376654814,0
2014-11-20,357.300018,-6.326187096671232,0
2014-11-21,351.769989,-1.5477270420960365,1
2014-11-24,378.850006,7.69821697325066,0
2014-11-25,376.429993,-0.6387786621811387,0
2014-11-26,365.350006,-2.943438941115406,1
2014-11-27,368.829987,0.9525060744079994,1
2014-11-28,377.589996,2.3750804730527486,1
2014-12-01,378.609985,0.2701313622726298,1
2014-12-02,380.639984,0.5361715433891856,0
2014-12-03,376.959991,-0.9667909717020251,0
2014-12-04,369.840027,-1.8887850620730728,1
2014-12-05,377.630005,2.1063101425741415,0
2014-12-08,364.949982,-3.3577901205175675,0
2014-12-09,352.190002,-3.496364057910817,0
2014-12-10,347.940002,-1.2067349941410344,0
2014-12-11,347.680023,-0.07471949143691425,1
2014-12-12,353.399994,1.6451825303750667,0
2014-12-15,345.369995,-2.2722125456515974,0
2014-12-16,330.220001,-4.386598204629788,0
2014-12-17,320.019989,-3.0888534822577363,0
2014-12-18,310.339996,-3.0248088659236894,1
2014-12-19,317.7799990000001,2.3973716233469666,1
2014-12-22,330.839996,4.109760539082852,1
2014-12-23,335.25,1.3329718453992445,0
2014-12-24,322.399994,-3.8329622669649566,0
2014-12-25,318.990021,-1.0576839526864168,1
2014-12-26,329.980011,3.445245705664246,0
2014-12-29,314.119995,-4.8063565886722674,0
2014-12-30,311.269989,-0.9072984990974531,1
2014-12-31,318.23999,2.23921394490747,0
2015-01-01,314.889984,-1.0526665740531072,1
2015-01-02,315.209991,0.10162501707262628,0
2015-01-05,274.839996,-12.807333572113844,1
2015-01-06,282.269989,2.7033885563002347,1
2015-01-07,291.339996,3.2132381597251403,0
2015-01-08,282.690002,-2.9690375913920097,1
2015-01-09,287.970001,1.867769982187073,0
2015-01-12,269.330017,-6.472890903660488,0
2015-01-13,221.290009,-17.836856260993738,0
2015-01-14,164.919998,-25.473364683174648,1
2015-01-15,209.77999900000003,27.20106812031373,0
2015-01-16,206.919998,-1.363333498728847,1
2015-01-19,215.87001,4.325348968928577,0
2015-01-20,210.550003,-2.464449322997675,1
2015-01-21,228.170013,8.368563167391653,1
2015-01-22,232.700012,1.9853612402607856,0
2015-01-23,232.170013,-0.22776062426673738,1
2015-01-26,269.179993,15.940895864101101,0
2015-01-27,263.269989,-2.195558419529353,0
2015-01-28,236.169998,-10.29361193159013,0
2015-01-29,233.98999,-0.9230672898595693,0
2015-01-30,231.840012,-0.9188333227417189,1
2015-02-02,238.859985,3.0279385078706644,0
2015-02-03,227.410004,-4.793595293912456,0
2015-02-04,226.580017,-0.3649738293835081,0
2015-02-05,216.519989,-4.43994494006944,1
2015-02-06,222.960007,2.97432954331065,0
2015-02-09,220.339996,-1.1751035691346945,0
2015-02-10,219.669998,-0.3040746174834408,0
2015-02-11,218.830002,-0.3823899520406848,1
2015-02-12,221.789993,1.3526440492378278,1
2015-02-13,236.169998,6.483613081677664,0
2015-02-16,235.830017,-0.14395604982814225,1
2015-02-17,243.199997,3.1251238047445007,0
2015-02-18,235.199997,-3.289473724787917,1
2015-02-19,241.919998,2.8571433187560835,1
2015-02-20,244.519989,1.074731738382373,0
2015-02-23,238.820007,-2.331090404228675,1
2015-02-24,238.889984,0.02930114644874582,0
2015-02-25,237.330002,-0.6530127273983943,0
2015-02-26,236.530014,-0.3370783269112443,1
2015-02-27,253.469986,7.161869951946143,1
2015-03-02,273.75,8.000952822871898,1
2015-03-03,280.649994,2.5205457534246634,0
2015-03-04,271.920013,-3.110629320020586,1
2015-03-05,275.22997999999995,1.2172575911137518,0
2015-03-06,272.559998,-0.970091266946993,1
2015-03-09,290.019989,6.405925714748495,1
2015-03-10,291.369995,0.46548722543398036,1
2015-03-11,295.600006,1.4517661641858526,0
2015-03-12,293.850006,-0.5920162261431106,0
2015-03-13,287.209991,-2.259661345727526,1
2015-03-16,290.410004,1.1141718952249136,0
2015-03-17,285.380005,-1.7320336526699065,0
2015-03-18,255.920013,-10.323075017116201,1
2015-03-19,260.929993,1.9576350990573088,1
2015-03-20,261.77999900000003,0.3257601743008598,1
2015-03-23,265.459991,1.4057575116729781,0
2015-03-24,246.720001,-7.0594404563209645,0
2015-03-25,246.37001,-0.1418575707609504,1
2015-03-26,248.020004,0.6697219357177486,0
2015-03-27,247.210007,-0.3265853507525951,0
2015-03-29,246.789993,-0.16990169819459666,0
2015-03-30,244.150009,-1.0697289496661266,1
2015-03-31,246.240005,0.8560294585121087,1
2015-04-01,252.599991,2.582840265942976,1
2015-04-02,254.479996,0.7442617050607891,1
2015-04-05,254.970016,0.19255737492229752,0
2015-04-06,252.970001,-0.784411842371302,0
2015-04-07,244.570007,-3.320549459143174,0
2015-04-08,243.319992,-0.5111072348294887,0
2015-04-09,234.729996,-3.5303289012108885,0
2015-04-12,223.590012,-4.745871507619337,0
2015-04-13,217.990005,-2.504587280043624,1
2015-04-14,222.970001,2.284506576345091,1
2015-04-15,227.980011,2.2469435249273806,0
2015-04-16,222.590012,-2.364241924701016,1
2015-04-19,224.23999,0.7412632692611609,1
2015-04-20,233.729996,4.232075643599509,1
2015-04-21,233.77999900000003,0.02139348857903567,1
2015-04-22,235.400009,0.69296347289316,0
2015-04-23,231.089981,-1.83093790790807,0
2015-04-26,228.960007,-0.9217076356071052,0
2015-04-27,225.810013,-1.3757835009150732,0
2015-04-28,225.419998,-0.17271820448457875,1
2015-04-29,235.769989,4.5914253801031535,0
2015-04-30,233.209991,-1.0858031638623866,1
2015-05-03,238.970001,2.469881318249345,0
2015-05-04,235.819992,-1.3181608514953203,0
2015-05-05,230.02999900000003,-2.455259603265525,1
2015-05-06,237.730011,3.3473947022014006,1
2015-05-07,243.73999,2.528069121235177,0
2015-05-10,241.809998,-0.7918241073202603,0
2015-05-11,241.580002,-0.095114346760794,0
2015-05-12,236.37999,-2.1525010170336922,1
2015-05-13,236.900009,0.2199928174969612,1
2015-05-14,237.200012,0.12663697281665165,0
2015-05-17,232.640015,-1.9224269685112705,0
2015-05-18,232.020004,-0.266510900972905,1
2015-05-19,233.959991,0.8361291985841124,1
2015-05-20,235.380005,0.606947364774002,1
2015-05-21,240.37001,2.1199782878753792,0
2015-05-24,237.410004,-1.2314373161610437,1
2015-05-25,237.840012,0.18112463365276277,0
2015-05-26,237.289993,-0.2312558746423221,1
2015-05-27,237.319992,0.012642336754598027,0
2015-05-28,237.029984,-0.12220125138046045,0
2015-05-31,223.139984,-5.860018114839017,1
2015-06-01,225.740005,1.1651972691725243,0
2015-06-02,225.589996,-0.06645211157852993,0
2015-06-03,224.220001,-0.6072942170715856,1
2015-06-04,225.289993,0.47720631309782213,1
2015-06-07,228.569992,1.4559008841551258,1
2015-06-08,229.559982,0.43312334718021983,0
2015-06-09,228.790009,-0.3354125546150222,1
2015-06-10,229.880005,0.4764176568566869,1
2015-06-11,230.459991,0.252299455100502,1
2015-06-14,237.000015,2.837813180336357,1
2015-06-15,249.819992,5.409272653421571,0
2015-06-16,247.37999,-0.9767040581764252,1
2015-06-17,248.440018,0.42850191723267095,0
2015-06-18,244.12999,-1.7348364545682893,1
2015-06-21,247.460007,1.3640343818471345,0
2015-06-22,243.75999500000003,-1.4951959489760913,0
2015-06-23,240.559998,-1.3127654519356269,1
2015-06-24,242.559998,0.8313934222762942,1
2015-06-25,242.949997,0.1607845494787652,1
2015-06-28,256.970001,5.770736436765644,1
2015-06-29,264.119995,2.7824236183896067,0
2015-06-30,257.619995,-2.461002621176034,0
2015-07-01,254.88002000000003,-1.0635723364562533,1
2015-07-02,255.399994,0.20400736001195963,1
2015-07-05,269.080017,5.356312968433352,0
2015-07-06,266.21002200000004,-1.0665953689158458,1
2015-07-07,268.640015,0.9128104876532372,1
2015-07-08,269.139984,0.18611114207987,1
2015-07-09,283.620026,5.380115501530236,1
2015-07-12,290.350006,2.37288603873127,0
2015-07-13,286.959991,-1.1675615395027816,0
2015-07-14,283.419983,-1.233624237185038,0
2015-07-15,276.589996,-2.4098466620824044,1
2015-07-16,279.619995,1.0954839451243314,0
2015-07-19,277.679993,-0.6937994545061055,0
2015-07-20,275.089996,-0.9327272635014983,1
2015-07-21,276.459991,0.4980170198555678,0
2015-07-22,275.52002000000005,-0.3400025430804421,1
2015-07-23,288.369995,4.663898833921376,1
2015-07-26,293.01001,1.6090491661589157,1
2015-07-27,293.699982,0.23547727942807573,0
2015-07-28,288.369995,-1.8147726682529952,0
2015-07-29,287.019989,-0.468150647920218,0
2015-07-30,283.7299799999999,-1.1462647641590218,0
2015-08-02,281.579987,-0.7577602479653001,1
2015-08-03,284.299988,0.9659780970158183,0
2015-08-04,281.720001,-0.907487551494357,0
2015-08-05,278.0,-1.3204603815119342,0
2015-08-06,277.890015,-0.03956294964028162,0
2015-08-09,263.300018,-5.250277524365165,1
2015-08-10,269.02999900000003,2.1762174737109286,0
2015-08-11,267.660004,-0.5092350314434668,0
2015-08-12,263.440002,-1.5766277878408896,1
2015-08-13,265.02999900000003,0.60355184783214,0
2015-08-16,257.130005,-2.980792374375718,0
2015-08-17,246.720001,-4.048537237029182,0
2015-08-18,226.0,-8.398184547672727,1
2015-08-19,234.659988,3.831853097345128,0
2015-08-20,232.400009,-0.9630866426192708,0
2015-08-23,211.429993,-9.023242335588733,1
2015-08-24,220.51001,4.294573759930076,1
2015-08-25,224.970016,2.0225866390373826,0
2015-08-26,222.730011,-0.9956904657018817,1
2015-08-27,231.639999,4.000353594020156,0
2015-08-30,229.470016,-0.9367911454705169,0
2015-08-31,227.179993,-0.9979617554913944,1
2015-09-01,228.630005,0.6382657120691082,0
2015-09-02,226.199982,-1.0628626806879593,1
2015-09-03,230.249985,1.7904523971182362,1
2015-09-06,239.579987,4.052118396446347,1
2015-09-07,243.23999,1.5276747635853294,0
2015-09-08,237.410004,-2.3968040781452205,1
2015-09-09,238.079987,0.28220504136802216,1
2015-09-10,239.900009,0.7644582070646777,0
2015-09-13,229.910004,-4.1642370259352575,0
2015-09-14,229.52999900000003,-0.16528423878412468,0
2015-09-15,228.599991,-0.4051792811623045,1
2015-09-16,232.720001,1.8022791610696087,0
2015-09-17,232.210007,-0.21914489421130945,0
2015-09-20,226.330017,-2.5321863066822936,1
2015-09-21,230.00999500000003,1.625934574997201,0
2015-09-22,229.889999,-0.05216990679037803,1
2015-09-23,233.75999500000003,1.6834120739632752,1
2015-09-24,235.02999900000003,0.5432939883490251,1
2015-09-27,238.87001,1.63383866584621,0
2015-09-28,236.710007,-0.9042587640030741,0
2015-09-29,235.929993,-0.32952303533158034,1
2015-09-30,237.050003,0.4747213297293662,0
2015-10-01,236.710007,-0.1434279669678018,1
2015-10-04,240.149994,1.4532495028822368,1
2015-10-05,246.139999,2.4942765561759783,0
2015-10-06,242.979996,-1.283823439033971,0
2015-10-07,242.580002,-0.16462013605432757,1
2015-10-08,244.039993,0.6018595877495203,1
2015-10-11,245.349991,0.5367964422126503,1
2015-10-12,248.77999900000003,1.3980061649971898,1
2015-10-13,252.329987,1.4269587644784698,1
2015-10-14,254.439987,0.8362065979894862,1
2015-10-15,262.869995,3.313161621879823,1
2015-10-18,263.820007,0.36139993839918727,1
2015-10-19,269.75,2.2477419614351124,0
2015-10-20,267.11001600000003,-0.9786780352177837,1
2015-10-21,274.419983,2.7366877174684445,1
2015-10-22,276.920013,0.9110233054711481,1
2015-10-26,285.149994,2.9719704657098944,1
2015-10-27,294.660004,3.3350903735246185,1
2015-10-28,303.540009,3.013644498559076,1
2015-10-29,313.629974,3.324097219750688,1
2015-10-30,327.119995,4.30125374432484,1
2015-11-02,359.2799990000001,9.831255958535978,1
2015-11-03,396.490021,10.356830912816806,1
2015-11-04,400.890015,1.1097363784598135,0
2015-11-05,382.699982,-4.53741233739634,0
2015-11-06,369.809998,-3.3681694816489305,1
2015-11-09,380.220001,2.814959859468158,0
2015-11-10,336.689972,-11.448642597841662,0
2015-11-11,304.709991,-9.498346746127629,1
2015-11-12,333.850006,9.563196436181176,0
2015-11-13,333.769989,-0.023967949247238884,0
2015-11-16,330.2100220000001,-1.0665928985005069,1
2015-11-17,333.909973,1.120484162652069,1
2015-11-18,335.920013,0.6019706395532065,0
2015-11-19,324.980011,-3.2567282616769777,0
2015-11-20,321.120026,-1.1877607450754835,1
2015-11-23,322.119995,0.31140038584824836,0
2015-11-24,318.349976,-1.1703772067921392,1
2015-11-25,327.519989,2.8804817626246537,1
2015-11-26,353.740021,8.005628016798694,1
2015-11-27,359.5200200000001,1.6339680717099458,1
2015-11-30,377.970001,5.131836886301877,0
2015-12-01,361.800018,-4.278112801867573,0
2015-12-02,359.9799799999999,-0.5030508317996008,1
2015-12-03,360.309998,0.091676764913462,1
2015-12-04,361.670013,0.37745691419863725,1
2015-12-07,394.279999,9.016502565281792,1
2015-12-08,410.670013,4.156947864859872,1
2015-12-09,415.999969,1.2978683203733299,0
2015-12-10,415.48999,-0.12259111490463548,1
2015-12-11,449.829987,8.264939667980942,0
2015-12-14,442.000031,-1.740647850584498,1
2015-12-15,462.64999400000005,4.671937002646964,0
2015-12-16,453.9800110000001,-1.87398316490629,1
2015-12-17,455.529999,0.3414220808060753,1
2015-12-18,463.18002300000006,1.679367773098095,0
2015-12-21,437.589996,-5.524855505264325,0
2015-12-22,437.029999,-0.12797298958361347,1
2015-12-23,442.429962,1.2356046523936737,1
2015-12-24,452.97998,2.384562282425162,1
2015-12-25,454.049988,0.23621529587245504,0
2015-12-28,421.76001,-7.11154693390279,1
2015-12-29,431.919983,2.4089465001672306,0
2015-12-30,427.150024,-1.104361730816239,1
2015-12-31,429.950012,0.655504586838096,1
2016-01-01,433.98999,0.9396390015683931,0
2016-01-04,433.320007,-0.1543775237765277,0
2016-01-05,431.200012,-0.4892446611633017,0
2016-01-06,430.820007,-0.08812731665694962,1
2016-01-07,457.049988,6.088385073537217,0
2016-01-08,452.869995,-0.9145592626073951,0
2016-01-11,447.720001,-1.137190376235897,0
2016-01-12,445.040009,-0.5985866152984354,0
2016-01-13,432.179993,-2.8896314353615726,0
2016-01-14,429.130005,-0.7057217014671102,0
2016-01-15,372.26001,-13.25239305976751,1
2016-01-18,384.399994,3.2611571680772222,0
2016-01-19,379.459991,-1.2851204675096817,1
2016-01-20,414.580017,9.255264542500875,0
2016-01-21,410.23999,-1.0468490573678602,0
2016-01-22,382.649994,-6.725330702158017,1
2016-01-25,392.76001,2.6421053596044297,0
2016-01-26,389.780029,-0.7587282116628957,1
2016-01-27,395.0200200000001,1.344345684781123,0
2016-01-28,379.690033,-3.8808126737475357,1
2016-01-29,380.289978,0.158009151638705,0
2016-02-01,372.179993,-2.1325792077539263,1
2016-02-02,373.919983,0.4675130401219585,0
2016-02-03,368.0200200000001,-1.577867797453314,1
2016-02-04,390.649994,6.149114931301813,0
2016-02-05,386.459991,-1.0725721398577526,0
2016-02-08,372.630005,-3.578633318345237,1
2016-02-09,375.320007,0.7218962412863128,1
2016-02-10,381.880005,1.7478412761513074,0
2016-02-11,379.450012,-0.6363237059243132,1
2016-02-12,384.039978,1.2096365410050325,1
2016-02-15,401.070007,4.43444171846088,1
2016-02-16,406.420013,1.3339332053319053,1
2016-02-17,417.140015,2.637665876950801,1
2016-02-18,421.39999400000005,1.0212348005021799,0
2016-02-19,419.97998,-0.3369753251586505,1
2016-02-22,437.790009,4.240685234567598,0
2016-02-23,419.89999400000005,-4.0864374773797,1
2016-02-24,422.719971,0.6715830055477268,1
2016-02-25,423.4800110000001,0.17979751422723123,1
2016-02-26,427.320007,0.9067714886783262,1
2016-02-29,436.209991,2.080404346712461,0
2016-03-01,434.040009,-0.4974627002525489,0
2016-03-02,425.359985,-1.9998211731674709,0
2016-03-03,419.55999800000006,-1.3635478664030698,0
2016-03-04,409.480011,-2.402513835458664,1
2016-03-07,414.869995,1.3162996618167,0
2016-03-08,411.899994,-0.7158871539986955,1
2016-03-09,412.76001,0.208792428387361,1
2016-03-10,415.830017,0.743775299356142,1
2016-03-11,419.110016,0.7887836052970609,0
2016-03-14,414.309998,-1.1452883053980623,1
2016-03-15,415.130005,0.19792112282068786,1
2016-03-16,415.910004,0.1878927060452007,1
2016-03-17,418.160004,0.5409824188792545,0
2016-03-18,408.160004,-2.3914290951652095,1
2016-03-21,411.109985,0.7227511199259906,1
2016-03-22,416.210022,1.2405529386497305,1
2016-03-23,416.97998,0.1849926621901643,0
2016-03-24,414.73999,-0.5371936561558766,1
2016-03-25,415.709991,0.23388171466176555,1
2016-03-27,422.210022,1.563597493619051,0
2016-03-28,415.0,-1.707686133513897,0
2016-03-29,412.439972,-0.616874216867469,1
2016-03-30,415.660004,0.7807274315303259,0
2016-03-31,415.639984,-0.004816436464261109,1
2016-04-03,419.329987,0.8877882643744783,1
2016-04-04,422.070038,0.6534355006669212,0
2016-04-05,421.26001,-0.19191791102688427,0
2016-04-06,420.14001500000006,-0.2658678662614933,0
2016-04-07,417.690002,-0.58314202706925,1
2016-04-10,421.43002300000006,0.8954059187655794,1
2016-04-11,424.73999,0.7854131930225439,0
2016-04-12,423.470001,-0.29900386822534486,1
2016-04-13,424.019989,0.12987649625739728,1
2016-04-14,428.669983,1.0966449980262638,0
2016-04-17,427.690002,-0.2286096621792133,1
2016-04-18,434.920013,1.6904793112278549,1
2016-04-19,441.159973,1.434737380089235,1
2016-04-20,449.339996,1.854207883905179,0
2016-04-21,445.279999,-0.9035467655098328,1
2016-04-24,461.7300110000001,3.694307410380704,1
2016-04-25,466.0,0.9247804773945933,0
2016-04-26,447.01001,-4.075105150214586,1
2016-04-27,448.47998,0.32884498492551373,1
2016-04-28,454.9800110000001,1.4493469697354433,0
2016-05-01,444.179993,-2.3737346122663094,1
2016-05-02,450.269989,1.3710649052128598,0
2016-05-03,445.799988,-0.9927379370602507,1
2016-05-04,448.079987,0.5114398971226564,1
2016-05-05,459.55999800000006,2.562045021662618,1
2016-05-08,460.440002,0.19148838102309718,0
2016-05-09,449.360016,-2.40639083308839,1
2016-05-10,452.499969,0.6987611020558671,1
2016-05-11,454.429993,0.4265246701044445,1
2016-05-12,455.410004,0.2156572002499857,0
2016-05-15,454.870026,-0.11856963950225285,0
2016-05-16,453.250031,-0.3561445923895623,1
2016-05-17,454.220001,0.2140032947951509,0
2016-05-18,442.659973,-2.5450283947315744,0
2016-05-19,442.109985,-0.12424615586373866,1
2016-05-22,443.689972,0.3573741950207321,1
2016-05-23,446.109985,0.5454288247920935,1
2016-05-24,449.779999,0.82267022111151,1
2016-05-25,453.300018,0.7826090550549392,1
2016-05-26,474.049988,4.577535666455668,1
2016-05-29,532.26001,12.279300384667447,0
2016-05-30,528.919983,-0.627517930569299,1
2016-05-31,537.400024,1.6032748378879136,0
2016-06-01,537.099976,-0.05583326881282158,1
2016-06-02,567.0299679999998,5.572517843493596,1
2016-06-05,583.580017,2.9187256289777253,0
2016-06-06,575.580017,-1.3708488582466316,1
2016-06-07,580.51001,0.856526087492715,0
2016-06-08,574.6900019999998,-1.0025680694119576,1
2016-06-09,577.8900150000002,0.5568241989357459,1
2016-06-12,700.070007,21.14243001758731,0
2016-06-13,685.1400150000002,-2.132642714402111,1
2016-06-14,690.769958,0.8217215279711532,1
2016-06-15,761.210022,10.197325923661559,0
2016-06-16,743.900024,-2.2740107854228864,0
2016-06-19,733.9700320000002,-1.334855717117156,0
2016-06-20,667.380005,-9.072581181352668,0
2016-06-21,590.5599980000002,-11.510684531221427,1
2016-06-22,620.839966,5.127331363882837,1
2016-06-23,656.8900150000002,5.806657266648996,0
2016-06-26,644.659973,-1.8618096973205045,1
2016-06-27,644.8900150000002,0.035684238146438396,0
2016-06-28,636.539978,-1.2948001683667165,1
2016-06-29,670.019958,5.259682212764316,1
2016-06-30,674.570007,0.6790915622247873,1
2016-07-03,675.160034,0.08746712629930098,0
2016-07-04,663.669983,-1.701826296193354,1
2016-07-05,672.6999509999998,1.360611181958471,0
2016-07-06,635.25,-5.567110707281708,1
2016-07-07,662.7799679999998,4.333721841794547,0
2016-07-10,646.710022,-2.424627595262485,1
2016-07-11,670.5599980000002,3.6878933662172653,0
2016-07-12,661.150024,-1.40330082737804,0
2016-07-13,657.25,-0.5898848761139885,1
2016-07-14,664.200012,1.0574381133510835,1
2016-07-17,670.380005,0.9304415670501331,1
2016-07-18,671.100037,0.10740654474026279,0
2016-07-19,664.400024,-0.9983627820899676,1
2016-07-20,664.619995,0.03310821674502584,0
2016-07-21,651.1099849999998,-2.032742033287782,1
2016-07-24,654.0,0.4438597267096389,1
2016-07-25,654.379944,0.05809541284405029,1
2016-07-26,654.540039,0.024465144671359518,0
2016-07-27,654.130005,-0.06264460163910579,1
2016-07-28,655.429993,0.19873541804582562,0
2016-07-31,607.0,-7.389041319016965,0
2016-08-01,513.429993,-15.415157660626033,1
2016-08-02,566.4400019999998,10.324681012548464,1
2016-08-03,576.2200320000002,1.726578272273982,0
2016-08-04,574.660034,-0.27072956741638343,1
2016-08-07,589.23999,2.5371445963475514,0
2016-08-08,585.25,-0.6771417533966151,1
2016-08-09,590.9400019999998,0.972234429730845,0
2016-08-10,587.839966,-0.5245940348441391,0
2016-08-11,587.1400150000002,-0.11907169306004661,0
2016-08-14,566.950012,-3.438703287835043,1
2016-08-15,580.1900019999998,2.3353011235141885,0
2016-08-16,572.340027,-1.3530007364725094,1
2016-08-17,573.389954,0.18344462215991175,1
2016-08-18,574.5599980000002,0.20405728977948012,1
2016-08-21,587.469971,2.2469320949837224,0
2016-08-22,583.5599980000002,-0.6655613381130299,0
2016-08-23,579.659973,-0.6683160280633427,0
2016-08-24,577.960022,-0.2932669287482481,1
2016-08-25,579.369995,0.2439568389386082,0
2016-08-28,574.22998,-0.8871731439941133,1
2016-08-29,577.320007,0.5381166270698845,0
2016-08-30,573.880005,-0.5958570564487675,0
2016-08-31,571.98999,-0.3293397545711563,1
2016-09-01,575.289978,0.5769310753148016,1
2016-09-04,605.76001,5.296464942067858,1
2016-09-05,610.4400019999998,0.7725818678588237,1
2016-09-06,613.210022,0.45377432522846206,1
2016-09-07,625.570007,2.015620188281919,0
2016-09-08,623.159973,-0.38525408396058447,0
2016-09-11,607.980042,-2.435960533042769,1
2016-09-12,608.610046,0.10362248042345978,1
2016-09-13,609.539978,0.15279603189461977,0
2016-09-14,608.1099849999998,-0.23460200341448578,0
2016-09-15,607.7799679999998,-0.054269294723063854,1
2016-09-18,609.849976,0.34058509805972026,0
2016-09-19,609.23999,-0.1000223045019788,0
2016-09-20,597.159973,-1.9828010633379467,0
2016-09-21,595.630005,-0.25620739319044405,1
2016-09-22,602.919983,1.223910471065004,1
2016-09-25,606.539978,0.6004105191517617,0
2016-09-26,605.469971,-0.17641161981247766,0
2016-09-27,604.6700440000002,-0.13211670905473039,1
2016-09-28,604.700012,0.0049560913918611504,1
2016-09-29,608.1400150000002,0.5688776139796348,1
2016-10-02,611.599976,0.5689415125889719,0
2016-10-03,608.959961,-0.4316571457811724,1
2016-10-04,611.819946,0.4696507460528965,0
2016-10-05,610.9700320000002,-0.13891570641925144,1
2016-10-06,616.0299679999998,0.8281807183629031,1
2016-10-09,617.290039,0.20454702943935033,1
2016-10-10,640.450012,3.751878620545823,0
2016-10-11,635.98999,-0.6963887760845222,0
2016-10-12,635.599976,-0.06132392115165697,1
2016-10-13,637.919983,0.36501055500355317,0
2016-10-16,637.369995,-0.08621582873349354,0
2016-10-17,635.339966,-0.31850087326436016,0
2016-10-18,629.0599980000002,-0.9884421468930316,0
2016-10-19,628.339966,-0.11446157795590439,1
2016-10-20,630.450012,0.33581279469336867,1
2016-10-23,650.48999,3.1786783438113364,1
2016-10-24,651.0,0.07840397359535345,1
2016-10-25,674.6700440000002,3.6359514592934294,1
2016-10-26,682.299988,1.1309148920801704,1
2016-10-27,686.23999,0.5774588992078389,1
2016-10-31,698.669983,1.8113186612747523,1
2016-11-01,726.76001,4.020500047731401,1
2016-11-02,733.51001,0.928779776972033,0
2016-11-03,684.869995,-6.6311317278410336,1
2016-11-04,702.0799559999998,2.512879980966276,1
2016-11-07,705.400024,0.47289029855173137,1
2016-11-08,710.899963,0.7796907871950864,1
2016-11-09,721.419983,1.479817210231027,0
2016-11-10,714.570007,-0.9495129274787462,1
2016-11-11,714.969971,0.05597268232389041,0
2016-11-14,704.560059,-1.4559928979171022,1
2016-11-15,711.100037,0.9282357006274777,1
2016-11-16,740.280029,4.103500278681604,0
2016-11-17,737.530029,-0.37148104666754334,1
2016-11-18,746.960022,1.278591057883549,0
2016-11-21,736.1900019999998,-1.4418469105164755,1
2016-11-22,749.339966,1.7862187701919163,0
2016-11-23,741.070007,-1.103632446584324,0
2016-11-24,735.3099980000002,-0.7772557174884898,1
2016-11-25,740.3900150000002,0.6908673911435015,0
2016-11-28,733.3000490000002,-0.9575988136468871,0
2016-11-29,732.5599980000002,-0.10092062601239071,1
2016-11-30,742.48999,1.3555192785724257,1
2016-12-01,752.630005,1.365676997207732,1
2016-12-02,770.9400019999998,2.432801891814007,0
2016-12-05,754.339966,-2.153220219074825,1
2016-12-06,758.209961,0.5130306194064183,1
2016-12-07,765.5599980000002,0.9693933577852532,1
2016-12-08,768.48999,0.38272532625194255,1
2016-12-09,770.480042,0.258956138127453,1
2016-12-12,778.4700320000002,1.0370145317794233,1
2016-12-13,778.73999,0.034678020848954993,0
2016-12-14,776.5000610000002,-0.28763502950449604,0
2016-12-15,775.210022,-0.1661350803165207,1
2016-12-16,782.049988,0.8823371481128772,1
2016-12-19,789.789978,0.9897052769982206,1
2016-12-20,799.100037,1.1788018662348687,1
2016-12-21,829.209961,3.7679793024462116,1
2016-12-22,860.150024,3.731270058874747,1
2016-12-23,917.169983,6.629071372321427,0
2016-12-26,898.380066,-2.048684251368482,1
2016-12-27,925.78009,3.049936773641626,1
2016-12-28,972.169983,5.0108976744142275,0
2016-12-29,971.079956,-0.11212308742925003,0
2016-12-30,959.039917,-1.239860726772135,1
2017-01-02,1017.050049,6.0487713776776975,1
2017-01-03,1033.299927,1.5977461498554169,1
2017-01-04,1135.410034,9.88194272852203,0
2017-01-05,989.350037,-12.864074882748477,0
2017-01-06,886.160034,-10.43008026895137,1
2017-01-09,899.7799679999998,1.536960986439584,1
2017-01-10,904.370056,0.5101344954592468,0
2017-01-11,785.429993,-13.15170291308274,1
2017-01-12,810.1099849999998,3.1422268337032877,1
2017-01-13,824.830017,1.8170411762052474,1
2017-01-16,827.340027,0.3043063356410247,1
2017-01-17,899.659973,8.741260381446537,0
2017-01-18,872.0300289999999,-3.071154083677363,1
2017-01-19,895.2099609999998,2.6581575437925498,0
2017-01-20,892.910034,-0.2569148133059973,1
2017-01-23,921.459961,3.19740241601989,0
2017-01-24,893.750061,-3.0071735260128185,1
2017-01-25,894.409973,0.07383630265285213,1
2017-01-26,915.559937,2.364683382169752,1
2017-01-27,918.009949,0.2675971174566527,1
2017-01-30,920.730042,0.29630321577267527,1
2017-01-31,965.48999,4.861354138371854,1
2017-02-01,982.429993,1.7545498322566688,1
2017-02-02,1003.970032,2.192526607847567,1
2017-02-03,1013.02002,0.90142013322565,1
2017-02-06,1024.669922,1.1500169562295603,1
2017-02-07,1049.560059,2.429088281562719,1
2017-02-08,1055.48999,0.5649920601637604,0
2017-02-09,978.960022,-7.250657867442212,1
2017-02-10,997.610107,1.9050915850371553,0
2017-02-13,995.360107,-0.2255390141110536,1
2017-02-14,1008.340027,1.3040426182159504,0
2017-02-15,1008.190063,-0.014872364081996992,1
2017-02-16,1031.929932,2.3547017443674267,1
2017-02-17,1049.410034,1.6939233428495903,1
2017-02-20,1077.559937,2.6824503376151165,1
2017-02-21,1119.030029,3.8485183585662552,1
2017-02-22,1120.459961,0.127783166040496,1
2017-02-23,1171.910156,4.591881619230831,1
2017-02-24,1176.48999,0.39080077739339636,1
2017-02-27,1188.829956,1.0488798123985843,1
2017-02-28,1189.27002,0.0370165638726494,1
2017-03-01,1222.660034,2.8076057950237487,1
2017-03-02,1255.469971,2.6834881395984223,1
2017-03-03,1283.300049,2.2167059860326965,0
2017-03-06,1277.01001,-0.4901456214313593,0
2017-03-07,1232.689941,-3.4706124973914565,0
2017-03-08,1146.969971,-6.953895472730243,1
2017-03-09,1191.329956,3.8675803309239365,0
2017-03-10,1112.390015,-6.626202976129991,1
2017-03-13,1238.190063,11.30898752269005,1
2017-03-14,1243.140015,0.39977319701685055,1
2017-03-15,1253.430054,0.8277457789016562,0
2017-03-16,1172.880005,-6.426369683968014,0
2017-03-17,1071.710083,-8.625769180880527,0
2017-03-20,1047.51001,-2.2580801826794006,1
2017-03-21,1121.290039,7.043372215602983,0
2017-03-22,1044.719971,-6.82874772242581,0
2017-03-23,1035.029907,-0.9275274015030699,0
2017-03-24,939.699951,-9.210357628825506,1
2017-03-26,1045.140015,11.22060971566443,0
2017-03-27,1044.420044,-0.06888751647309288,0
2017-03-28,1041.900024,-0.24128414754934768,0
2017-03-29,1037.910034,-0.38295324964884303,1
2017-03-30,1079.109985,3.969510810221144,1
2017-04-02,1147.560059,6.343197167247028,0
2017-04-03,1141.77002,-0.5045521543373899,0
2017-04-04,1129.869995,-1.0422436034885463,1
2017-04-05,1188.699951,5.206789830718539,1
2017-04-06,1190.48999,0.15058795943367898,1
2017-04-09,1206.710083,1.362472018769334,1
2017-04-10,1220.73999,1.162657642266507,0
2017-04-11,1212.530029,-0.6725396945503559,0
2017-04-12,1176.200073,-2.996210826214518,1
2017-04-13,1177.329956,0.09606214333230945,1
2017-04-16,1194.01001,1.4167696927266382,1
2017-04-17,1206.089966,1.0117131262576295,1
2017-04-18,1215.199951,0.7553321275205915,1
2017-04-19,1238.0900880000004,1.883651902813499,1
2017-04-20,1249.640015,0.9328825997353185,0
2017-04-23,1248.179932,-0.1168402886010278,1
2017-04-24,1264.309937,1.2922820329400952,1
2017-04-25,1286.630005,1.765395283767357,1
2017-04-26,1332.910034,3.596995936683456,0
2017-04-27,1329.619995,-0.24683128763962614,1
2017-04-30,1415.809937,6.48229887668017,1
2017-05-01,1445.929932,2.127403842342157,1
2017-05-02,1485.549927,2.7401047674002976,1
2017-05-03,1516.76001,2.1009110789717678,0
2017-05-04,1507.77002,-0.592710115030004,1
2017-05-07,1664.470093,10.392836501683455,1
2017-05-08,1697.500122,1.9844170909954606,1
2017-05-09,1752.309937,3.2288548489423974,1
2017-05-10,1819.2899170000005,3.8223820219082993,0
2017-05-11,1686.390259,-7.305029108233141,1
2017-05-14,1708.9200440000004,1.3359769412662592,1
2017-05-15,1729.340088,1.1949092686749152,1
2017-05-16,1801.300171,4.16112964126234,1
2017-05-17,1880.990112,4.424023396153887,1
2017-05-18,1962.000122,4.306774899197352,1
2017-05-21,2124.410156,8.27777899597908,1
2017-05-22,2272.580078,6.97463818752333,1
2017-05-23,2445.280029,7.599290017185489,0
2017-05-24,2307.220215,-5.645971519117177,0
2017-05-25,2244.890137000001,-2.7015227066220504,1
2017-05-28,2278.209961,1.4842518772222313,0
2017-05-29,2192.550049,-3.759965651383612,1
2017-05-30,2303.340088,5.053022121457618,1
2017-05-31,2412.649902,4.745708832555184,1
2017-06-01,2492.600098,3.3137918573981295,1
2017-06-04,2704.960205,8.51962202723142,1
2017-06-05,2870.499756,6.119851622733963,0
2017-06-06,2691.509521,-6.235507758740255,1
2017-06-07,2798.780273,3.9855237799844234,1
2017-06-08,2811.429932,0.4519704216165987,0
2017-06-11,2656.77002,-5.5011120938723845,1
2017-06-12,2712.990234,2.1161114276650794,0
2017-06-13,2467.269775,-9.0571818475628,0
2017-06-14,2442.459961,-1.0055574080868435,1
2017-06-15,2508.579834,2.7071016129545544,1
2017-06-18,2616.820068,4.314801248617539,1
2017-06-19,2754.380127,5.256764142180215,0
2017-06-20,2677.619873,-2.786843153838936,1
2017-06-21,2722.840088,1.6888213094017335,0
2017-06-22,2710.3701170000004,-0.45797661988880023,0
2017-06-25,2446.049805,-9.752185147782166,1
2017-06-26,2583.750488,5.629512641914491,0
2017-06-27,2577.73999,-0.23262687430212203,0
2017-06-28,2558.369873,-0.7514379679542493,0
2017-06-29,2480.6096190000007,-3.039445344500402,1
2017-07-02,2572.469727,3.7031263321888774,1
2017-07-03,2617.320068,1.7434740059041998,1
2017-07-04,2627.859863,0.4026941576180221,0
2017-07-05,2614.239746,-0.5182969302042983,0
2017-07-06,2513.879639,-3.838978699392781,0
2017-07-09,2344.02002,-6.756871584654267,0
2017-07-10,2324.290039,-0.841715549852684,1
2017-07-11,2403.089844,3.3902741773958134,0
2017-07-12,2362.439941,-1.6915681742609046,0
2017-07-13,2234.169922,-5.429556822752691,0
2017-07-16,2233.390137000001,-0.034902672008996216,1
2017-07-17,2320.229736,3.888241358343514,0
2017-07-18,2282.580322,-1.622658886568118,1
2017-07-19,2866.020264,25.560543757285604,0
2017-07-20,2675.080078,-6.662206419068095,1
2017-07-23,2763.42041,3.302343459790813,0
2017-07-24,2582.579834,-6.544084835792319,0
2017-07-25,2559.209717,-0.9049136329622565,1
2017-07-26,2691.879883,5.184028691307119,1
2017-07-27,2806.749756,4.267273355153645,1
2017-07-30,2883.270264,2.7263031852562403,0
2017-07-31,2746.990234,-4.726578416930549,0
2017-08-01,2720.530273,-0.9632346221147836,1
2017-08-02,2809.989746,3.2883101462918507,1
2017-08-03,2878.489746,2.43773131547933,1
2017-08-06,3401.910156000001,18.183855291732588,1
2017-08-07,3429.379883,0.8074794965278631,0
2017-08-08,3348.790039,-2.349982992537436,1
2017-08-09,3425.6701659999994,2.2957583516629576,1
2017-08-10,3654.369629,6.676050288491209,1
2017-08-13,4327.94043,18.43192860554501,0
2017-08-14,4161.660645,-3.8420072477753475,1
2017-08-15,4387.400390999999,5.424270868198078,0
2017-08-16,4278.92041,-2.4725343331446936,0
2017-08-17,4105.370117,-4.05593645991652,0
2017-08-20,4005.099121,-2.442434984967279,1
2017-08-21,4089.700195,2.1123340882229336,1
2017-08-22,4141.090332,1.2565746766187935,1
2017-08-23,4318.350586,4.28052130691845,1
2017-08-24,4364.410645,1.066612311407189,1
2017-08-27,4390.311035,0.5934453035410847,1
2017-08-28,4597.310059,4.71490567182562,0
2017-08-29,4583.020508,-0.3108241736279327,1
2017-08-30,4735.11084,3.318561017445054,1
2017-08-31,4921.850586,3.9437249160570786,0
2017-09-03,4267.449707,-13.295829842161734,1
2017-09-04,4409.07959,3.318841292205077,1
2017-09-05,4618.709473,4.754504397594683,1
2017-09-06,4635.600098,0.3657000965039847,0
2017-09-07,4326.449707,-6.66904790025743,0
2017-09-10,4217.900390999999,-2.5089697870374517,0
2017-09-11,4158.9208979999985,-1.3983140314514975,0
2017-09-12,3870.289551,-6.940053780267852,0
2017-09-13,3243.079346,-16.205769535717096,1
2017-09-14,3713.759766,14.51337971673543,1
2017-09-17,4100.279785,10.407781960983197,0
2017-09-18,3907.959717,-4.69041329090667,0
2017-09-19,3882.159424,-0.6601985401171517,0
2017-09-20,3617.269531,-6.823261594112218,0
2017-09-21,3600.830566,-0.454457840620337,1
2017-09-24,3932.830322,9.220088252272408,0
2017-09-25,3892.699951,-1.020394161820637,1
2017-09-26,4212.200684,8.207689701794862,0
2017-09-27,4195.649902,-0.39292482105299786,0
2017-09-28,4172.790527,-0.5448351395835771,1
2017-10-01,4401.319336,5.476642249863883,0
2017-10-02,4314.179199,-1.9798639986707722,0
2017-10-03,4218.659668,-2.214083527687971,1
2017-10-04,4321.440918,2.4363484634617905,1
2017-10-05,4371.94043,1.168580410058473,1
2017-10-08,4777.490723,9.276208116129347,0
2017-10-09,4763.361328,-0.29574929223782354,1
2017-10-10,4824.19873,1.2771947750926493,1
2017-10-11,5432.621582,12.61189445236639,1
2017-10-12,5637.26123,3.766867338561486,1
2017-10-15,5759.330078,2.1653927859575095,0
2017-10-16,5598.580566,-2.791114762011049,0
2017-10-17,5575.830078,-0.40636171493472206,1
2017-10-18,5698.648438,2.2026919450897964,1
2017-10-19,5993.109375,5.167206578957595,0
2017-10-22,5903.609375,-1.4933817222382961,0
2017-10-23,5513.080566,-6.615085521304509,1
2017-10-24,5734.0009770000015,4.0072044722591516,1
2017-10-25,5887.6103520000015,2.678921325897088,0
2017-10-26,5764.559082,-2.0900036286912504,1
2017-10-30,6124.2802729999985,6.240220386035045,1
2017-10-31,6451.23877,5.338725244849707,1
2017-11-01,6737.781738,4.4416735795379525,1
2017-11-02,7024.810547,4.259989714139967,1
2017-11-03,7152.119140999999,1.8122708526903564,0
2017-11-06,6959.228026999999,-2.696978478647527,1
2017-11-07,7102.752441,2.0623611332056146,1
2017-11-08,7444.359375,4.809500779276843,0
2017-11-09,7129.591309,-4.228276069759184,0
2017-11-10,6565.79834,-7.90778804232859,0
2017-11-13,6522.450684,-0.6602038892348894,1
2017-11-14,6597.058594,1.1438631522813658,1
2017-11-15,7283.220215,10.401023595941105,1
2017-11-16,7853.682129000002,7.832550673466088,0
2017-11-17,7699.94873,-1.9574690759680213,1
2017-11-20,8244.689453,7.0746019499794865,0
2017-11-21,8099.973145,-1.7552669366745266,1
2017-11-22,8234.552734,1.6614819159378902,0
2017-11-23,8013.411620999998,-2.6855267085354018,1
2017-11-24,8200.801758,2.3384564011278863,1
2017-11-27,9733.203125,18.685994518830086,1
2017-11-28,9906.041016,1.7757555121402868,0
2017-11-29,9837.862305,-0.6882538734685029,1
2017-11-30,9946.764648,1.1069716125692297,1
2017-12-01,10861.466797,9.195976595102383,1
2017-12-04,11623.90625,7.019673007798466,1
2017-12-05,11667.12793,0.3718343822671555,1
2017-12-06,13749.579102000003,17.848875785833627,1
2017-12-07,16850.306641,22.551436054860517,0
2017-12-08,16047.604492,-4.763724281710524,1
2017-12-11,16732.480469,4.267777021432817,1
2017-12-12,17083.914063,2.1003078094195216,0
2017-12-13,16286.830078,-4.665698867722057,1
2017-12-14,16467.898438,1.1117470934051354,1
2017-12-15,17604.859375,6.904104620759877,1
2017-12-18,18972.306641,7.767442141241188,0
2017-12-19,17523.691406,-7.635419679911115,0
2017-12-20,16461.962891,-6.058817690868912,0
2017-12-21,15632.131836000002,-5.0408998033501735,0
2017-12-22,13664.973633,-12.584068658311454,1
2017-12-25,13833.498047,1.2332582449557261,1
2017-12-26,15756.566406,13.901533454996562,0
2017-12-27,15416.633788999998,-2.1574028772573084,0
2017-12-28,14398.702147999997,-6.60281391471017,0
2017-12-29,14392.568359,-0.04259959638687194,0
2018-01-01,13444.87207,-6.584622461823397,1
2018-01-02,14754.137695,9.738029623364053,1
2018-01-03,15156.613281,2.727882810368465,1
2018-01-04,15180.081055,0.15483520998333944,1
2018-01-05,16954.785156,11.691005433831014,0
2018-01-08,14976.180663999998,-11.669888316454491,0
2018-01-09,14468.493163999998,-3.389966449993409,1
2018-01-10,14919.495117,3.1171314655085824,0
2018-01-11,13308.06543,-10.800832564125162,1
2018-01-12,13841.194336000002,4.00605864769934,0
2018-01-15,13631.982422,-1.5115163397125153,0
2018-01-16,11282.492188,-17.235132508741135,0
2018-01-17,11162.695313,-1.06179444225466,1
2018-01-18,11175.519531,0.11488460125812505,1
2018-01-19,11521.759766,3.0982025850302186,0
2018-01-22,10814.517578,-6.138317430354922,1
2018-01-23,10858.234375,0.4042417674638754,1
2018-01-24,11429.015625,5.256667247063351,0
2018-01-25,11175.869141,-2.2149456462922656,0
2018-01-26,11104.202148,-0.6412654988691702,1
2018-01-29,11233.948242,1.1684413906619007,0
2018-01-30,10107.258789,-10.029327434389302,1
2018-01-31,10226.862305,1.1833427687650389,0
2018-02-01,9114.723633,-10.874681195778557,0
2018-02-02,8870.816406,-2.675969528213995,0
2018-02-05,6937.078613,-21.79887063937056,1
2018-02-06,7701.24707,11.015709921002736,0
2018-02-07,7592.720215,-1.4092114434656078,1
2018-02-08,8260.6875,8.79747002504292,1
2018-02-09,8696.832031,5.2797606857782675,1
2018-02-12,8911.265625,2.465651782576095,0
2018-02-13,8544.693359,-4.113582530539805,1
2018-02-14,9485.641602,11.012077361546414,1
2018-02-15,10033.753906,5.778336637602188,1
2018-02-16,10188.725586,1.5445034974131744,1
2018-02-19,11182.280273,9.751510908932627,1
2018-02-20,11256.431641,0.6631149120724489,0
2018-02-21,10481.664063,-6.882887958720552,0
2018-02-22,9847.958008,-6.045853513250499,1
2018-02-23,10175.506836,3.326058333452653,1
2018-02-26,10326.50293,1.4839171791009909,1
2018-02-27,10594.757813,2.5977321152999444,0
2018-02-28,10334.443359,-2.4570118410879416,1
2018-03-01,10929.368164,5.756718425302454,1
2018-03-02,11043.12207,1.0408095353095614,1
2018-03-05,11440.730469,3.6005071435382563,0
2018-03-06,10735.454102,-6.164609584248392,0
2018-03-07,9928.563477,-7.516129428094498,0
2018-03-08,9316.720703,-6.162450141124265,0
2018-03-09,9252.756836,-0.6865491522076383,0
2018-03-12,9142.146484,-1.1954313072363942,1
2018-03-13,9160.118164,0.19658052987283625,0
2018-03-14,8217.696289,-10.288315697758065,1
2018-03-15,8268.413086,0.617165629105676,1
2018-03-16,8283.226563,0.17915743741785395,1
2018-03-19,8623.142578,4.1036667585353515,1
2018-03-20,8920.709961,3.4507997555227155,0
2018-03-21,8911.353516,-0.10488453319192903,0
2018-03-22,8724.983398,-2.091378348590689,1
2018-03-23,8934.801758,2.404799532891899,0
2018-03-25,8152.198242,-8.759047343152027,0
2018-03-26,7808.479492,-4.216270750497286,1
2018-03-27,7959.780762,1.9376534209382568,0
2018-03-28,7106.618164,-10.718418302084388,0
2018-03-29,6853.760742,-3.558055549978756,1
2018-04-01,7074.602539,3.2221988089936815,1
2018-04-02,7434.297363,5.084311408550768,0
2018-04-03,6815.499023,-8.323561861807105,0
2018-04-04,6790.452148,-0.3674987688425335,0
2018-04-05,6634.8588869999985,-2.291353471150359,1
2018-04-08,6789.530273,2.3311933024386944,1
2018-04-09,6871.071776999999,1.200988886142329,1
2018-04-10,6977.130859000001,1.5435595121422008,1
2018-04-11,7927.731445,13.624519952550296,0
2018-04-12,7899.112793000001,-0.3609942162968838,1
2018-04-15,8079.77002,2.287057189005992,0
2018-04-16,7921.632812999998,-1.9571993585035474,1
2018-04-17,8189.961426000002,3.387289203302335,1
2018-04-18,8301.821289,1.3658167258869591,1
2018-04-19,8877.076172,6.9292612184054025,1
2018-04-22,8968.248047,1.02704846994075,1
2018-04-23,9655.771484,7.666195598035319,0
2018-04-24,8873.618164,-8.100371071292034,1
2018-04-25,9282.121094,4.603566690048533,0
2018-04-26,8938.467773,-3.7023145628011567,1
2018-04-29,9248.452148,3.467981122406183,0
2018-04-30,9077.276367,-1.8508586978742914,1
2018-05-01,9232.186523,1.7065708890738218,1
2018-05-02,9745.040039,5.555060166108383,0
2018-05-03,9699.612305,-0.4661626203504077,0
2018-05-06,9377.810547,-3.3176764996485253,0
2018-05-07,9196.129883,-1.9373462823699228,1
2018-05-08,9321.158203,1.3595754039003927,0
2018-05-09,9032.21582,-3.0998549397756814,0
2018-05-10,8421.00293,-6.767031503461118,1
2018-05-13,8672.899414,2.9912884022710973,0
2018-05-14,8480.160156,-2.2223163073801566,0
2018-05-15,8344.779297,-1.596442242947671,0
2018-05-16,8071.038573999998,-3.280383018618749,1
2018-05-17,8247.912109,2.1914594184914593,1
2018-05-20,8419.648438,2.082179425901054,0
2018-05-21,7992.749512,-5.070270203602534,0
2018-05-22,7505.771973000001,-6.092741155829673,1
2018-05-23,7584.73877,1.0520809489558358,0
2018-05-24,7475.36084,-1.4420790658291827,0
2018-05-27,7118.881836,-4.7687196863128385,1
2018-05-28,7474.751953,4.998960864898394,0
2018-05-29,7393.020995999998,-1.0934270128816648,1
2018-05-30,7502.150879000002,1.4761202904610693,1
2018-05-31,7530.551758,0.3785698189501474,0
2018-06-03,7503.19873,-0.36322740854867197,1
2018-06-04,7629.400879000002,1.6819779608849839,1
2018-06-05,7661.790039,0.42453084473710323,1
2018-06-06,7700.108398,0.5001228016553894,0
2018-06-07,7627.520508,-0.9426865993062417,0
2018-06-10,6887.369629000002,-9.703689137560534,0
2018-06-11,6556.9384770000015,-4.797639299169953,0
2018-06-12,6310.430664,-3.7594955918022532,1
2018-06-13,6643.260254,5.274276950680079,0
2018-06-14,6396.708496,-3.7113066261636685,1
2018-06-17,6714.820801000002,4.973062399184269,1
2018-06-18,6741.279297,0.3940313045443844,1
2018-06-19,6761.270508,0.29654921742963136,0
2018-06-20,6720.637695,-0.6009641671919863,0
2018-06-21,6051.470215,-9.956904543416245,1
2018-06-24,6260.349121,3.4517050994028464,0
2018-06-25,6088.3911130000015,-2.746779846880665,1
2018-06-26,6141.570801,0.8734604432105053,0
2018-06-27,5871.2802729999985,-4.400999951933981,1
2018-06-28,6203.800781,5.663509363181807,1
2018-07-01,6615.659668,6.638815486489746,0
2018-07-02,6509.582031,-1.6034324968846048,1
2018-07-03,6590.059082,1.2362859952720573,0
2018-07-04,6534.8115229999985,-0.8383469451875403,1
2018-07-05,6602.019531,1.02846130700871,1
2018-07-08,6668.84082,1.0121340702831771,0
2018-07-09,6306.848145,-5.428119890257033,1
2018-07-10,6394.3603520000015,1.3875743475666225,0
2018-07-11,6253.599609000001,-2.2013264071984007,0
2018-07-12,6229.831055,-0.38007796287108375,1
2018-07-15,6740.552245999998,8.197994239187256,1
2018-07-16,7326.699706999999,8.695837367744375,1
2018-07-17,7383.39209,0.7737778981966148,1
2018-07-18,7477.501953,1.2746155405651827,0
2018-07-19,7333.932617,-1.9200173654571717,1
2018-07-22,7718.00293,5.236894488363952,1
2018-07-23,8395.819336,8.782277127225724,0
2018-07-24,8170.228026999999,-2.6869481103851234,0
2018-07-25,7937.251465,-2.851530718972417,1
2018-07-26,8182.891113,3.0947696325758223,0
2018-07-29,8176.060547,-0.0834737491392068,0
2018-07-30,7735.29834,-5.390887267361622,0
2018-07-31,7610.900879000002,-1.6081792263489936,0
2018-08-01,7542.342773,-0.9007883178345777,0
2018-08-02,7417.599609000001,-1.6539047316512012,0
2018-08-05,6945.780762,-6.36080230628151,0
2018-08-06,6723.208984000001,-3.204416978112501,0
2018-08-07,6285.019043,-6.517571327067351,1
2018-08-08,6543.239746,4.108511067879661,0
2018-08-09,6153.410645,-5.957738309043458,1
2018-08-12,6263.199707,1.7841985255641957,0
2018-08-13,6199.601074,-1.0154335798828074,1
2018-08-14,6274.21875,1.203588345594242,1
2018-08-15,6323.810547,0.7904059290250176,1
2018-08-16,6591.158203,4.2276354424758855,0
2018-08-19,6269.898926,-4.874094462696665,1
2018-08-20,6491.10791,3.5281108453390164,0
2018-08-21,6366.129883,-1.9253728135910753,1
2018-08-22,6538.947754,2.71464569803217,1
2018-08-23,6708.959961,2.599993353609542,1
2018-08-26,6915.72998,3.0819981070386415,1
2018-08-27,7091.378906,2.5398465022198558,0
2018-08-28,7052.002441,-0.5552723316855079,0
2018-08-29,6998.757323999998,-0.7550354306521068,1
2018-08-30,7026.962401999999,0.4030012285649809,1
2018-09-02,7270.052245999998,3.4593872870418485,1
2018-09-03,7369.858887,1.372846268813488,0
2018-09-04,6705.028809,-9.020933618861026,0
2018-09-05,6515.421875,-2.827831757344512,0
2018-09-06,6411.78125,-1.590697072090974,0
2018-09-09,6324.430176,-1.3623526847551193,0
2018-09-10,6295.540527,-0.45679449683277973,1
2018-09-11,6337.111328,0.6603213945127306,1
2018-09-12,6492.001465,2.4441757290207367,0
2018-09-13,6486.009765999999,-0.09229355588262766,0
2018-09-16,6261.478027,-3.461785398119599,1
2018-09-17,6346.4379880000015,1.356867510093429,1
2018-09-18,6398.799805,0.8250583571289161,1
2018-09-19,6505.901367,1.6737757902085315,1
2018-09-20,6762.061523,3.9373507458831947,0
2018-09-23,6583.529785,-2.6401968895543915,0
2018-09-24,6437.740723,-2.2144513165592072,1
2018-09-25,6462.599609000001,0.38614301304784604,1
2018-09-26,6686.131836,3.4588592907520033,0
2018-09-27,6635.378418,-0.7590849125458266,0
2018-09-30,6594.979004,-0.6088486813413341,0
2018-10-01,6525.46875,-1.0539874949994532,0
2018-10-02,6492.258301,-0.5089358369848918,1
2018-10-03,6579.791992,1.3482780096182756,1
2018-10-04,6632.869629,0.8066765190226866,1
2018-10-07,6650.068359000001,0.2592954627783639,0
2018-10-08,6631.788086,-0.2748884975785404,0
2018-10-09,6581.068848,-0.7647897873436338,0
2018-10-10,6209.47168,-5.646456169698477,1
2018-10-11,6250.851563,0.6663994158034425,1
2018-10-14,6612.361328,5.783368255612498,0
2018-10-15,6583.048828,-0.4432985214506746,0
2018-10-16,6574.518555,-0.12957936699053985,0
2018-10-17,6488.720215,-1.3050132763675726,0
2018-10-18,6469.2802729999985,-0.29959593503603443,1
2018-10-21,6483.22998,0.2156299682705365,0
2018-10-22,6470.2177729999985,-0.2007056211200675,1
2018-10-23,6476.251953,0.09326084857887995,0
2018-10-24,6462.770508,-0.20816739524401884,0
2018-10-25,6457.211914,-0.08600945976835472,0
2018-10-29,6313.908691,-2.2192739669779527,0
2018-10-30,6309.1083979999985,-0.07602727937519038,1
2018-10-31,6342.6098630000015,0.531001575604928,1
2018-11-01,6381.299316,0.6099926345098927,1
2018-11-02,6394.65918,0.20935962001504826,1
2018-11-05,6433.739258,0.6111362138302434,1
2018-11-06,6479.7182619999985,0.7146544514191611,1
2018-11-07,6529.678223,0.7710205749683396,0
2018-11-08,6446.061035,-1.2805713412564312,0
2018-11-09,6377.990234000001,-1.056006150583999,0
2018-11-12,6375.0791020000015,-0.045643406358331085,0
2018-11-13,6339.168457,-0.5632972458135543,0
2018-11-14,5741.471191,-9.42863831517201,0
2018-11-15,5647.5,-1.6367092662121774,0
2018-11-16,5586.270996,-1.0841789110225708,0
2018-11-19,4809.620605,-13.902841297103452,0
